{"schema":5,"addons":[{"id":"{96ef5869-e3ba-4d21-b86e-21b163096400}","icons":{"32":"https://addons.cdn.mozilla.net/user-media/addon_icons/2596/2596225-32.png?modified=26a76a47","64":"https://addons.cdn.mozilla.net/user-media/addon_icons/2596/2596225-64.png?modified=26a76a47","128":"https://addons.cdn.mozilla.net/user-media/addon_icons/2596/2596225-128.png?modified=26a76a47"},"name":"Font Fingerprint Defender","version":"0.1.3","sourceURI":"https://addons.mozilla.org/firefox/downloads/file/3700935/font_fingerprint_defender-0.1.3-an+fx.xpi","homepageURL":"https://mybrowseraddon.com/font-defender.html","supportURL":"https://mybrowseraddon.com/font-defender.html","description":"Defending against Font fingerprinting by reporting a fake value.","fullDescription":"Font Fingerprint Defender is a lite addon that let you easily hide your real font fingerprint by reporting a random fake value and protect your privacy.\n\nThis addon does NOT block the fingerprint, instead, it simply adds a small noise to the actual fingerprint and \"renews\" it every time you visit a website or reload a page. It is important to note that, this addon does not have any settings or options to adjust. Simply add it to your browser and start surfacing the internet. If you want to test this addon, please visit a website that show your fingerprint (i.e. webbrowsertools.com/font-fingerprint/). Every time you reload the page, you will see a new fake fingerprint.\n\nNote 1: depending on your browser and platform, you may need to (Shift+Refresh) a web page to renew Font fingerprint.\n\nNote 2: If you also want to protect your browser against other types of fingerprints, please see my other addons: Canvas, AudioContext and WebGL Fingerprint Defenders.\n\nNote 3: To report bugs, please visit addon's homepage and fill the bug report form.","weeklyDownloads":385,"type":"extension","creator":{"name":"ilGur","url":"https://addons.mozilla.org/en-US/firefox/user/11791768/"},"developers":[],"screenshots":[{"url":"https://addons.cdn.mozilla.net/user-media/previews/full/224/224005.png?modified=1616528396","width":920,"height":680,"thumbnailURL":"https://addons.cdn.mozilla.net/user-media/previews/thumbs/224/224005.jpg?modified=1616528396","thumbnailWidth":533,"thumbnailHeight":394},{"url":"https://addons.cdn.mozilla.net/user-media/previews/full/224/224006.png?modified=1616528398","width":1257,"height":770,"thumbnailURL":"https://addons.cdn.mozilla.net/user-media/previews/thumbs/224/224006.jpg?modified=1616528398","thumbnailWidth":533,"thumbnailHeight":326}],"contributionURL":"https://paypal.me/supportdevelopment/10usd?utm_content=product-page-contribute&utm_medium=referral&utm_source=addons.mozilla.org","averageRating":3.8571,"reviewCount":8,"reviewURL":"https://addons.mozilla.org/en-US/firefox/addon/font-fingerprint-defender/reviews/","updateDate":1609324296000},{"id":"{3579f63b-d8ee-424f-bbb6-6d0ce3285e6a}","icons":{"32":"https://addons.cdn.mozilla.net/user-media/addon_icons/982/982314-32.png?modified=0afe0f8b","64":"https://addons.cdn.mozilla.net/user-media/addon_icons/982/982314-64.png?modified=0afe0f8b","128":"https://addons.cdn.mozilla.net/user-media/addon_icons/982/982314-128.png?modified=0afe0f8b"},"name":"Chameleon","version":"0.21.26.1","sourceURI":"https://addons.mozilla.org/firefox/downloads/file/3776826/chameleon-0.21.26.1-an+fx.xpi","homepageURL":"https://sereneblue.github.io/chameleon","supportURL":"https://sereneblue.github.io/chameleon","description":"Spoof your browser profile. Includes a few privacy enhancing options.\n\nA WebExtension port of Random Agent Spoofer.","fullDescription":"Chameleon is a WebExtension port of the popular Firefox addon Random Agent Spoofer.\n\nUI\n\n    Light/Dark theme\n    Notifications\n    Quickly toggle Chameleon\n\n\nUseragents\n\n    Randomly select from a list of browser profiles\n    Choose between different platforms or device types\n    Change user agent at specified interval\n\n\nHeaders\n\n    Enable Do Not Track\n    Prevent Etag tracking\n    Spoof accept headers\n    Spoof X-Forwarded-For/Via IP\n    Disable referer\n    Modify referer policies\n\n\nOptions\n\n    Block media devices\n    Spoof media devices\n    Limit tab history\n    Protect keyboard fingerprint\n    Protect window.name\n    Spoof audio context\n    Spoof client rects\n    Spoof font fingerprint\n    Spoof screen size\n    Spoof timezone\n    Enable first party isolation\n    Enable resist fingerprinting\n    Prevent WebRTC leak.\n    Enable tracking protection\n    Block WebSockets\n    Modify cookie policy\n    about:config checklist to enhance your privacy\n\n\nPlease note that WebExtensions are unable to modify about:config entries.\n\nWhitelist\n\n    Use your real or spoofed profile for whitelisted sites\n    Supports regular expressions\n    Use a custom profile per whitelist rule, multiple sites per rule\n\n\nWiki\n\nIf you don't know where to start, visit the wiki.\n\nCredits\n\ndillbyrne for creating Random Agent Spoofer\n\nSpecial Thanks:\n\n- giwhub for the Chinese translation\n- Kaylier, melegeti, and Tux 528 for the French translation\n- Anonymous and Wursttorte for the German translation\n- Shitennouji for the Japanese translation\n- gnu-ewm for the Polish translation\n- 3ibsand, Alexey, fks7cgsk, and Hit Legends for the Russian translation\n- David P. (Megver83) for the Spanish translation\n- xlabx for the Turkish translation","weeklyDownloads":2096,"type":"extension","creator":{"name":"sereneblue","url":"https://addons.mozilla.org/en-US/firefox/user/14103281/"},"developers":[],"screenshots":[{"url":"https://addons.cdn.mozilla.net/user-media/previews/full/249/249061.png?modified=1616527276","width":510,"height":601,"thumbnailURL":"https://addons.cdn.mozilla.net/user-media/previews/thumbs/249/249061.jpg?modified=1616527276","thumbnailWidth":339,"thumbnailHeight":400},{"url":"https://addons.cdn.mozilla.net/user-media/previews/full/236/236993.png?modified=1616527278","width":510,"height":601,"thumbnailURL":"https://addons.cdn.mozilla.net/user-media/previews/thumbs/236/236993.jpg?modified=1616527278","thumbnailWidth":339,"thumbnailHeight":400},{"url":"https://addons.cdn.mozilla.net/user-media/previews/full/236/236994.png?modified=1616527279","width":510,"height":601,"thumbnailURL":"https://addons.cdn.mozilla.net/user-media/previews/thumbs/236/236994.jpg?modified=1616527279","thumbnailWidth":339,"thumbnailHeight":400},{"url":"https://addons.cdn.mozilla.net/user-media/previews/full/249/249062.png?modified=1616527280","width":510,"height":601,"thumbnailURL":"https://addons.cdn.mozilla.net/user-media/previews/thumbs/249/249062.jpg?modified=1616527280","thumbnailWidth":339,"thumbnailHeight":400},{"url":"https://addons.cdn.mozilla.net/user-media/previews/full/236/236996.png?modified=1616527281","width":510,"height":601,"thumbnailURL":"https://addons.cdn.mozilla.net/user-media/previews/thumbs/236/236996.jpg?modified=1616527281","thumbnailWidth":339,"thumbnailHeight":400},{"url":"https://addons.cdn.mozilla.net/user-media/previews/full/236/236997.png?modified=1616527283","width":1600,"height":900,"thumbnailURL":"https://addons.cdn.mozilla.net/user-media/previews/thumbs/236/236997.jpg?modified=1616527283","thumbnailWidth":533,"thumbnailHeight":300}],"contributionURL":"","averageRating":4.6271,"reviewCount":70,"reviewURL":"https://addons.mozilla.org/en-US/firefox/addon/chameleon-ext/reviews/","updateDate":1621114521000},{"id":"{a6c4a591-f1b2-4f03-b3ff-767e5bedf4e7}","icons":{"32":"https://addons.cdn.mozilla.net/user-media/addon_icons/853/853731-32.png?modified=a1617cd0","64":"https://addons.cdn.mozilla.net/user-media/addon_icons/853/853731-64.png?modified=a1617cd0","128":"https://addons.cdn.mozilla.net/user-media/addon_icons/853/853731-128.png?modified=a1617cd0"},"name":"User-Agent Switcher and Manager","version":"0.4.7.1","sourceURI":"https://addons.mozilla.org/firefox/downloads/file/3769639/user_agent_switcher_and_manager-0.4.7.1-an+fx.xpi","homepageURL":"http://add0n.com/useragent-switcher.html","supportURL":"https://add0n.com/useragent-switcher.html","description":"Spoof websites trying to gather information about your web navigation—like your browser type and operating system—to deliver distinct content you may not want.","fullDescription":"Usage example: You can alter your user-agent string to indicate you’re on a mobile device if you prefer seeing mobile versions of sites so they load quicker.\n\n--\n\nThis extension allows you to spoof your browser \"user-agent\" string to a custom designation, making it impossible for websites to know specific details about your browsing arrangement.\n\nOverviews:\nhttps://www.youtube.com/watch?v=-aVFxvF3N_E\nhttps://www.youtube.com/watch?v=4M6_Zc4o1MQ\n\nNotes:\n1. You can easily set custom \"user-agent\" strings from the toolbar popup\n2. The extension uses a two-factor technique to mimic your default \"user-agent\" string, which is the most reliable method\n3. The extension does not use any resources when it is not spoofing the user-agent\n4. The extension enables user-agent spoofing on specific domains only; it is conversely possible to exclude certain domains from spoofing. Check the Options page for more info.\n5. You can set per-site user-agent strings\n6. There is an option to randomize user-agent strings.\n7. It is possible to set user-agent string for a single window; you can have a separate user-agent string for each browser window\n\nSupported operating systems:\nWindows, Mac OS, Linux, Chromium OS, Ubuntu, Debian, Android, iOS, AmigaOS, OpenBSD, BeOS, Haiku, Solaris, NetBSD, FreeBSD, Slackware, SUSE, gentoo, Fedora, Gentoo, Mageia, CentOS, Mint, DragonFly, Kubuntu, Mandriva, Zenwalk, Unix, GNU, OS/2, AIX, QNX, BEOS, RISC OS, Symbian, Nintendo, OpenSolaris, Kubuntu\n\nSupported browsers:\nInternet Explorer, Safari, Chrome, Firefox, Opera, Edge, WebKit, Avant, Maxthon, Arora, Mozilla, Epiphany, Camino, Chimera, Chromium, Dragon, conkeror, Conkeror, Dillo, Links, Firebird, Swiftfox, Netscape, Flock, iCab, Iceape, icecat, IceCat, IceWeasel, Iron, Meleon, Konqueror, Lunascape, Lynx, MAXTHON, midori, Midori, KHTML, Mosaic, NetSurf, OmniWeb, Tablet, Mini, Phoenix, RockMelt, Safari, Browser, SeaMonkey, Slim, Webkit, w3m\n\nFor more info and general bug reports please use:\nhttps://add0n.com/useragent-switcher.html\n\nFor technical bug reports please use:\nhttps://github.com/ray-lothian/UserAgent-Switcher/","weeklyDownloads":11311,"type":"extension","creator":{"name":"Ray","url":"https://addons.mozilla.org/en-US/firefox/user/13129494/"},"developers":[],"screenshots":[{"url":"https://addons.cdn.mozilla.net/user-media/previews/full/188/188200.png?modified=1616526464","width":700,"height":438,"thumbnailURL":"https://addons.cdn.mozilla.net/user-media/previews/thumbs/188/188200.jpg?modified=1616526464","thumbnailWidth":533,"thumbnailHeight":334},{"url":"https://addons.cdn.mozilla.net/user-media/previews/full/202/202435.png?modified=1616526466","width":440,"height":280,"thumbnailURL":"https://addons.cdn.mozilla.net/user-media/previews/thumbs/202/202435.jpg?modified=1616526466","thumbnailWidth":440,"thumbnailHeight":280}],"contributionURL":"https://www.paypal.me/addondonation/10usd?utm_content=product-page-contribute&utm_medium=referral&utm_source=addons.mozilla.org","averageRating":4.3227,"reviewCount":142,"reviewURL":"https://addons.mozilla.org/en-US/firefox/addon/user-agent-string-switcher/reviews/","updateDate":1620231736000},{"id":"{ce9f4b1f-24b8-4e9a-9051-b9e472b1b2f2}","icons":{"32":"https://addons.cdn.mozilla.net/user-media/addon_icons/857/857086-32.png?modified=d4329496","64":"https://addons.cdn.mozilla.net/user-media/addon_icons/857/857086-64.png?modified=d4329496","128":"https://addons.cdn.mozilla.net/user-media/addon_icons/857/857086-128.png?modified=d4329496"},"name":"Clear Browsing Data","version":"3.2.0","sourceURI":"https://addons.mozilla.org/firefox/downloads/file/3659052/clear_browsing_data-3.2.0-fx.xpi","homepageURL":"https://github.com/dessant/clear-browsing-data","supportURL":"https://github.com/dessant/clear-browsing-data/issues","description":"Delete browsing data directly from the browser toolbar. Clear cookies, history and cache with a single click.","fullDescription":"Clear Browsing Data is a Firefox extension which enables you to delete browsing data, such as cookies, history and cache, directly from the browser toolbar. The toolbar button can be configured to clear all browsing data with a single click, or to show a list of data types available for clearing.\n\nThe continued development of Clear Browsing Data is made possible thanks to the support of awesome backers. If you'd like to join them, please consider contributing with Patreon, PayPal or Bitcoin.\n\nThe extension also supports closing and reloading tabs, these features can be configured from the extension's options.\n\nSupported data types:\n\n    Cookies\n    Browsing history\n    Cached images and files\n    Autofill form data\n    Download history\n    Service Workers\n    Plugin data\n    Saved passwords\n    IndexedDB data\n    Local storage data\n\n\nClearable data types and their order can be customized from the extension's options.\n\nRelevant Firefox bugs:\n\n    Data saved with the Cache API is not cleared (1526246)\n    The HTTP authentication cache is not cleared (1535606)\n    Clearing downloads only removes them from the current session, downloads from previous sessions can be removed by clearing the history (1380445)\n    The cache and local storage are cleared entirely regardless of the requested time interval\n    Clearing the history also removes downloads and service workers\n\n\nThe extension is also available for Chrome and Edge.\n\nReviews are not monitored for bug reports, please use GitHub for issues and feature requests.\nhttps://github.com/dessant/clear-browsing-data","weeklyDownloads":1068,"type":"extension","creator":{"name":"Armin Sebastian","url":"https://addons.mozilla.org/en-US/firefox/user/12929064/"},"developers":[],"screenshots":[{"url":"https://addons.cdn.mozilla.net/user-media/previews/full/230/230092.png?modified=1616526508","width":1280,"height":800,"thumbnailURL":"https://addons.cdn.mozilla.net/user-media/previews/thumbs/230/230092.jpg?modified=1616526508","thumbnailWidth":533,"thumbnailHeight":333},{"url":"https://addons.cdn.mozilla.net/user-media/previews/full/230/230093.png?modified=1616526510","width":1280,"height":800,"thumbnailURL":"https://addons.cdn.mozilla.net/user-media/previews/thumbs/230/230093.jpg?modified=1616526510","thumbnailWidth":533,"thumbnailHeight":333}],"contributionURL":"https://www.paypal.com/donate?hosted_button_id=GLL4UNSNU6SQN&utm_content=product-page-contribute&utm_medium=referral&utm_source=addons.mozilla.org","averageRating":4.5484,"reviewCount":42,"reviewURL":"https://addons.mozilla.org/en-US/firefox/addon/clear-browsing-data/reviews/","updateDate":1602575213000},{"id":"CanvasBlocker@kkapsner.de","icons":{"32":"https://addons.cdn.mozilla.net/user-media/addon_icons/534/534930-32.png?modified=1581849561","64":"https://addons.cdn.mozilla.net/user-media/addon_icons/534/534930-64.png?modified=1581849561","128":"https://addons.cdn.mozilla.net/user-media/addon_icons/534/534930-128.png?modified=1581849561"},"name":"CanvasBlocker","version":"1.5","sourceURI":"https://addons.mozilla.org/firefox/downloads/file/3711139/canvasblocker-1.5-an+fx.xpi","homepageURL":"https://github.com/kkapsner/CanvasBlocker/","supportURL":null,"description":"Alters some JS APIs to prevent fingerprinting.","fullDescription":"This add-on allows users to prevent websites from using some Javascript APIs to fingerprint them. Users can choose to block the APIs entirely on some or all websites (which may break some websites) or fake its fingerprinting-friendly readout API.\n\nIf you encounter any problems please check the FAQ first. Please report issues and feature requests at https://github.com/kkapsner/CanvasBlocker/issues\n\nIMPORTANT: you should only have ONE addon/setting set that protects an API. Otherwise you could face massive performance issues. (E.g. EclipsedMoon for Palemoon has 'canvas.poison' which is known to cause issues: https://github.com/kkapsner/CanvasBlocker/issues/253#issuecomment-459499290)\nBut setting privacy.resistFingerprinting to true and/or using the new fingerprinting protection introduced with Firefox 67 is fine.\n\nProtected \"fingerprinting\" APIs:\n\n    canvas 2d\n    webGL\n    audio\n    history\n    window (disabled by default)\n    DOMRect\n    navigator (disabled by default)\n    screen\n\n\nMore information on fingerprinting can be found at:\n\n    <canvas>: http://www.browserleaks.com/canvas\n    audio:\n        https://audiofingerprint.openwpm.com/ (very poorly written = slow)\n        https://webtransparency.cs.princeton.edu/webcensus/#audio-fp\n    DOMRect:\n        http://jcarlosnorte.com/security/2016/03/06/advanced-tor-browser-fingerprinting.html\n        https://browserleaks.com/rects\n\n\nThe different block modes are:\n\n    fake: Canvas Blocker's default setting, and my favorite! All websites not on the white list or black list can use the protected APIs. But values obtained by the APIs are altered so that a consistent fingerprinting is not possible\n    ask for permission: If a website is not listed on the white list or black list, the user will be asked if the website should be allowed to use the protected APIs each time they are called.\n    block everything: Ignore all lists and block the protected APIs on all websites.\n    allow only white list: Only websites in the white list are allowed to use the protected APIs.\n    block only black list: Block the protected APIs only for websites on the black list.\n    allow everything: Ignore all lists and allow the protected APIs on all websites.\n","weeklyDownloads":4278,"type":"extension","creator":{"name":"kkapsner","url":"https://addons.mozilla.org/en-US/firefox/user/11033762/"},"developers":[],"screenshots":[{"url":"https://addons.cdn.mozilla.net/user-media/previews/full/194/194239.png?modified=1616526008","width":700,"height":279,"thumbnailURL":"https://addons.cdn.mozilla.net/user-media/previews/thumbs/194/194239.jpg?modified=1616526008","thumbnailWidth":533,"thumbnailHeight":212},{"url":"https://addons.cdn.mozilla.net/user-media/previews/full/191/191763.png?modified=1616526008","width":278,"height":283,"thumbnailURL":"https://addons.cdn.mozilla.net/user-media/previews/thumbs/191/191763.jpg?modified=1616526008","thumbnailWidth":278,"thumbnailHeight":283}],"contributionURL":"","averageRating":4.6235,"reviewCount":123,"reviewURL":"https://addons.mozilla.org/en-US/firefox/addon/canvasblocker/reviews/","updateDate":1611000920000},{"id":"jid1-5Fs7iTLscUaZBgwr@jetpack","icons":{"32":"https://addons.cdn.mozilla.net/user-media/addon_icons/497/497366-32.png?modified=1599330990","64":"https://addons.cdn.mozilla.net/user-media/addon_icons/497/497366-64.png?modified=1599330990","128":"https://addons.cdn.mozilla.net/user-media/addon_icons/497/497366-128.png?modified=1599330990"},"name":"Disable WebRTC","version":"1.0.23","sourceURI":"https://addons.mozilla.org/firefox/downloads/file/3551985/disable_webrtc-1.0.23-an+fx.xpi","homepageURL":"https://github.com/ChrisAntaki/disable-webrtc-firefox","supportURL":null,"description":"WebRTC leaks your actual IP addresses from behind your VPN, by default.","fullDescription":"WebRTC allows websites to get your actual IP address from behind your VPN. This addon fixes that issue and makes your VPN more effective [1] by changing browser-wide settings in Firefox.\n\nThis addon allows you to easily disable WebRTC. You can click the addon's icon to quickly toggle WebRTC on and off, if you need to use WebRTC for a video conference for example.\n\nNOTE: Some websites, like Google Meet, depend on WebRTC to work. Firefox sadly can't disable WebRTC per-tab or per-window, the setting affects the entire browser. If this situation doesn't work for you, [karlbright@](https://github.com/ChrisAntaki/disable-webrtc-firefox/issues/27#issuecomment-393377906)'s advice might help: \"the best solution for the foreseeable future is to either have another browser (perhaps firefox developer edition without this extension) used for those services, or enable WebRTC, and disable it again once finished.\"\n\n[1] https://www.privacytools.io/webrtc.html\n\nThese organizations fight for us. Please consider supporting their work with a contribution. 💚\n- ACLU - https://www.aclunc.org/donating-aclu-general-information\n- DP - https://secure.actblue.com/contribute/page/demanding\n- EFF - https://supporters.eff.org/donate/join-eff-4\n- EJI - https://support.eji.org/give/153413/#!/donation/checkout\n- FFI - https://secure.actblue.com/donate/fair-fight-1\n- FFTF - https://www.fightforthefuture.org/donate\n- FPF - https://freedom.press/donate\n\nThanks for being privacy conscious. ✊\n\n## Privacy Policy\n\nThis addon collects nothing and sends nothing.\n\n## Monetization Policy\n\nI have zero interest in monetizing this plugin.","weeklyDownloads":8789,"type":"extension","creator":{"name":"Chris Antaki","url":"https://addons.mozilla.org/en-US/firefox/user/10548482/"},"developers":[],"screenshots":[],"contributionURL":"","averageRating":4.3946,"reviewCount":69,"reviewURL":"https://addons.mozilla.org/en-US/firefox/addon/happy-bonobo-disable-webrtc/reviews/","updateDate":1587230712000},{"id":"switchyomega@feliscatus.addons.mozilla.org","icons":{"32":"https://addons.cdn.mozilla.net/user-media/addon_icons/805/805756-32.png?modified=1529986824","64":"https://addons.cdn.mozilla.net/user-media/addon_icons/805/805756-64.png?modified=1529986824","128":"https://addons.cdn.mozilla.net/user-media/addon_icons/805/805756-128.png?modified=1529986824"},"name":"Proxy SwitchyOmega","version":"2.5.20","sourceURI":"https://addons.mozilla.org/firefox/downloads/file/1056777/proxy_switchyomega-2.5.20-an+fx.xpi","homepageURL":"https://github.com/FelisCatus/SwitchyOmega","supportURL":"https://github.com/FelisCatus/SwitchyOmega/issues","description":"Manage and switch between multiple proxies quickly & easily.","fullDescription":"Changing proxy settings has never been so convenient. Think SwitchyOmega as a modern version of the \"Proxy Settings\" dialog, designed to be simpler, quicker and more powerful, specially optimized for your browser.\n\nNo more digging through the advanced section in system settings. No repeated filling and clearing the proxy config dialog of your operating system. Just tell SwitchyOmega about all your proxies, and enjoy switching with one click on the popup menu. You can also teach Auto Switch to use the right proxy for the right website automatically.\n\nNOTE: Please report issues by RIGHT-clicking the extension icon and select the \"Report Issue\" in the context menu so that I can locate and fix the issue more quickly.\n\nAlternative download link (Github): https://github.com/FelisCatus/SwitchyOmega/releases\n\nSwitchyOmega is absolutely free and open source. It does not insert ads into any website. It contains absolutely no malware. It just does proxy configuration, and aims to be perfect tool of that.\n\nDisclaimer: SwitchyOmega does not come with any proxy server, VPNs or anything like that. Thus, SwitchyOmega will not magically unblock websites or protect your privacy, unless you instruct it to use a proxy server which does. You should only use trusted proxy servers, because SwitchyOmega can not protect you from bad proxies that inject ads, track you or record your password. And if you don't have a proxy server, you probably won't need SwitchyOmega. Sounds reasonable, right?\n\nPrivacy Policy: https://github.com/FelisCatus/SwitchyOmega/wiki/Privacy#english\n\nThe 2.x version features:\n* HTTP/HTTPS proxy authentication (username & password) is now supported.\n* More flexible proxy configurations: Fixed servers, multiple SwitchProfile and rule lists.\n* Reviewing and modifying proxy settings for resources that fail to load.\n* New types of condition for switching and improvements to the existing condition types.\n* Optimized performance for both PAC script generating and switching.\n* Improved user experience in options page and dropdown menu.\n* Many Bug fixes and improvements. More testing.\n\n== Translations ==\nYou can help improve the translation of SwitchyOmega or translate it into your language on Weblate:\nhttps://hosted.weblate.org/engage/switchyomega/?utm_source=widget\n\nCONFLICTS: SwitchyOmega will conflict with other extensions trying to control the proxy settings. Such conflicts are caused by the design of the browser and thus cannot be avoided. When SwitchyOmega has a higher priority, it can be configured to voluntarily give back the control by selecting the [System Proxy] item in the popup menu. Otherwise, you will see a red badge on the SwitchyOmega icon indicating insufficient priority. Re-installing SwitchyOmega should raise its priority, providing a possible workaround.","weeklyDownloads":3687,"type":"extension","creator":{"name":"Firefox user 12962115","url":"https://addons.mozilla.org/en-US/firefox/user/12962115/"},"developers":[],"screenshots":[{"url":"https://addons.cdn.mozilla.net/user-media/previews/full/183/183857.png?modified=1616526394","width":700,"height":258,"thumbnailURL":"https://addons.cdn.mozilla.net/user-media/previews/thumbs/183/183857.jpg?modified=1616526394","thumbnailWidth":533,"thumbnailHeight":196,"caption":"Configure all your proxies in one place."},{"url":"https://addons.cdn.mozilla.net/user-media/previews/full/183/183855.png?modified=1616526394","width":232,"height":308,"thumbnailURL":"https://addons.cdn.mozilla.net/user-media/previews/thumbs/183/183855.jpg?modified=1616526394","thumbnailWidth":232,"thumbnailHeight":308,"caption":"Switch easily between proxies on the popup menu."},{"url":"https://addons.cdn.mozilla.net/user-media/previews/full/183/183856.png?modified=1616526394","width":700,"height":258,"thumbnailURL":"https://addons.cdn.mozilla.net/user-media/previews/thumbs/183/183856.jpg?modified=1616526394","thumbnailWidth":533,"thumbnailHeight":196,"caption":"Customize proxies for different URLs using Auto Switch."}],"contributionURL":"","averageRating":4.6991,"reviewCount":168,"reviewURL":"https://addons.mozilla.org/en-US/firefox/addon/switchyomega/reviews/","updateDate":1535342109000}],"compatOverrides":[]}