{"schemaVersion":31,"addons":[{"id":"doh-rollout@mozilla.org","syncGUID":"{712f6ae2-ce69-424e-afbf-c9e1db9741a4}","version":"1.3.0","type":"extension","loader":null,"updateURL":null,"optionsURL":null,"optionsType":null,"optionsBrowserStyle":true,"aboutURL":null,"defaultLocale":{"name":"DoH Roll-Out","description":"Mozilla add-on that supports the roll-out of DoH","creator":null,"developers":null,"translators":null,"contributors":null},"visible":true,"active":true,"userDisabled":false,"appDisabled":false,"installDate":1578080829000,"updateDate":1579300199000,"applyBackgroundUpdates":1,"path":"C:\\Program Files\\Mozilla Firefox\\browser\\features\\doh-rollout@mozilla.org.xpi","skinnable":false,"sourceURI":null,"releaseNotesURI":null,"softDisabled":false,"foreignInstall":false,"strictCompatibility":true,"locales":[{"name":"DoH Roll-Out","description":"Mozilla add-on that supports the roll-out of DoH","creator":null,"developers":null,"translators":null,"contributors":null,"locales":["en-US"]},{"name":"Déploiement de DoH","description":"Module complémentaire de Mozilla pour le déploiement de DoH","creator":null,"developers":null,"translators":null,"contributors":null,"locales":["fr"]},{"name":"Lancio DoH","description":"Componente aggiuntivo realizzato da Mozilla per il lancio di DoH","creator":null,"developers":null,"translators":null,"contributors":null,"locales":["it"]},{"name":"Lanzamiento de DoH","description":"Complemento de Mozilla para el lanzamiento de DoH","creator":null,"developers":null,"translators":null,"contributors":null,"locales":["es-MX"]},{"name":"DoH Roll-Out","description":"Mozilla-Add-On, das die Einführung von DoH unterstützt","creator":null,"developers":null,"translators":null,"contributors":null,"locales":["de"]},{"name":"DoH 降世","description":"附加组件：Mozilla 之 DoH 降世","creator":null,"developers":null,"translators":null,"contributors":null,"locales":["zh-CN"]},{"name":"Развертывание DoH","description":"Дополнение Mozilla, поддерживающее развертывание DoH","creator":null,"developers":null,"translators":null,"contributors":null,"locales":["ru"]},{"name":"Lanzamiento de DoH","description":"Complemento de Mozilla para el lanzamiento de DoH","creator":null,"developers":null,"translators":null,"contributors":null,"locales":["es-ES"]}],"targetApplications":[{"id":"toolkit@mozilla.org","minVersion":"72.0a1","maxVersion":null}],"targetPlatforms":[],"seen":true,"dependencies":[],"incognito":"spanning","userPermissions":{"permissions":["captivePortal","dns","storage"],"origins":[]},"icons":{},"iconURL":null,"blocklistState":0,"blocklistURL":null,"startupData":null,"hidden":true,"installTelemetryInfo":null,"recommendationState":null,"rootURI":"jar:file:///C:/Program%20Files/Mozilla%20Firefox/browser/features/doh-rollout@mozilla.org.xpi!/","location":"app-system-defaults"},{"id":"formautofill@mozilla.org","syncGUID":"{ca802f4c-b31e-408e-b828-54e8b520329a}","version":"1.0","type":"extension","loader":null,"updateURL":null,"optionsURL":null,"optionsType":null,"optionsBrowserStyle":true,"aboutURL":null,"defaultLocale":{"name":"Form Autofill","creator":null,"developers":null,"translators":null,"contributors":null},"visible":true,"active":true,"userDisabled":false,"appDisabled":false,"installDate":1578080829000,"updateDate":1579300199000,"applyBackgroundUpdates":1,"path":"C:\\Program Files\\Mozilla Firefox\\browser\\features\\formautofill@mozilla.org.xpi","skinnable":false,"sourceURI":null,"releaseNotesURI":null,"softDisabled":false,"foreignInstall":false,"strictCompatibility":true,"locales":[],"targetApplications":[{"id":"toolkit@mozilla.org","minVersion":null,"maxVersion":null}],"targetPlatforms":[],"seen":true,"dependencies":[],"incognito":"spanning","userPermissions":{"permissions":[],"origins":[]},"icons":{},"iconURL":null,"blocklistState":0,"blocklistURL":null,"startupData":null,"hidden":true,"installTelemetryInfo":null,"recommendationState":null,"rootURI":"jar:file:///C:/Program%20Files/Mozilla%20Firefox/browser/features/formautofill@mozilla.org.xpi!/","location":"app-system-defaults"},{"id":"screenshots@mozilla.org","syncGUID":"{33d97f47-4477-45cd-8964-624679cbe6bc}","version":"39.0.0","type":"extension","loader":null,"updateURL":null,"optionsURL":null,"optionsType":null,"optionsBrowserStyle":true,"aboutURL":null,"defaultLocale":{"name":"Firefox Screenshots","description":"Take clips and screenshots from the Web and save them temporarily or permanently.","creator":"Mozilla <screenshots-feedback@mozilla.com>","homepageURL":"https://github.com/mozilla-services/screenshots","developers":null,"translators":null,"contributors":null},"visible":true,"active":true,"userDisabled":false,"appDisabled":false,"installDate":1578080829000,"updateDate":1579300199000,"applyBackgroundUpdates":1,"path":"C:\\Program Files\\Mozilla Firefox\\browser\\features\\screenshots@mozilla.org.xpi","skinnable":false,"sourceURI":null,"releaseNotesURI":null,"softDisabled":false,"foreignInstall":false,"strictCompatibility":true,"locales":[{"name":"Firefox Screenshots","description":"Take clips and screenshots from the Web and save them temporarily or permanently.","creator":"Mozilla <screenshots-feedback@mozilla.com>","homepageURL":"https://github.com/mozilla-services/screenshots","developers":null,"translators":null,"contributors":null,"locales":["en-US"]},{"name":"Firefox Screenshots","description":"ウェブからスクリーンショットを撮って、一時的または永久にそれを保存しましょう。","creator":"Mozilla <screenshots-feedback@mozilla.com>","homepageURL":"https://github.com/mozilla-services/screenshots","developers":null,"translators":null,"contributors":null,"locales":["ja"]},{"name":"Firefox Screenshots","description":"Ta klipp og skjermbilder fra nettet og lagre de midlertidig eller permanent.","creator":"Mozilla <screenshots-feedback@mozilla.com>","homepageURL":"https://github.com/mozilla-services/screenshots","developers":null,"translators":null,"contributors":null,"locales":["nb-NO"]},{"name":"Firefox Screenshots","description":"Tee veebist klippe või ekraanipilte ning salvesta need ajutiselt või püsivalt.","creator":"Mozilla <screenshots-feedback@mozilla.com>","homepageURL":"https://github.com/mozilla-services/screenshots","developers":null,"translators":null,"contributors":null,"locales":["et"]},{"name":"Firefox Screenshots","description":"Cokot klip jeung téwakan layar ti Raramat turta teundeun saheulaanan atawa salilana.","creator":"Mozilla <screenshots-feedback@mozilla.com>","homepageURL":"https://github.com/mozilla-services/screenshots","developers":null,"translators":null,"contributors":null,"locales":["su"]},{"name":"Firefox Screenshots","description":"Tire clipes e capturas de ecrã da Web e guarde-as temporariamente ou permanentemente.","creator":"Mozilla <screenshots-feedback@mozilla.com>","homepageURL":"https://github.com/mozilla-services/screenshots","developers":null,"translators":null,"contributors":null,"locales":["pt-PT"]},{"name":"Firefox Screenshots","description":"Cymrwch clipiau a lluniau sgrin o'r We a'u cadw dros dro neu'n barhaol.","creator":"Mozilla <screenshots-feedback@mozilla.com>","homepageURL":"https://github.com/mozilla-services/screenshots","developers":null,"translators":null,"contributors":null,"locales":["cy"]},{"name":"Firefox Screenshots","description":"Wzejśo klipy a fota wobrazowki z weba a składujśo je nachylu abo na pśecej.","creator":"Mozilla <screenshots-feedback@mozilla.com>","homepageURL":"https://github.com/mozilla-services/screenshots","developers":null,"translators":null,"contributors":null,"locales":["dsb"]},{"name":"Firefox Screenshots","description":"Glac gearrthóga agus gabhálacha scáileáin ón Ghréasán agus sábháil iad, go sealadach nó go buan.","creator":"Mozilla <screenshots-feedback@mozilla.com>","homepageURL":"https://github.com/mozilla-services/screenshots","developers":null,"translators":null,"contributors":null,"locales":["ga-IE"]},{"name":"Firefox Screenshots","description":"జాలం నుండి కత్తిరింపులను తెరపట్లను తీసుకొని, వాటిని తాత్కాలికంగా లేదా శాశ్వతంగా భద్రపరచకోండి.","creator":"Mozilla <screenshots-feedback@mozilla.com>","homepageURL":"https://github.com/mozilla-services/screenshots","developers":null,"translators":null,"contributors":null,"locales":["te"]},{"name":"Firefox Screenshots","description":"Take clips and screenshots from the Web and save them temporarily or permanently.","creator":"Mozilla <screenshots-feedback@mozilla.com>","homepageURL":"https://github.com/mozilla-services/screenshots","developers":null,"translators":null,"contributors":null,"locales":["ast"]},{"name":"Firefox Screenshots","description":"Effectuez des captures d’écran sur le Web et sauvegardez-les de manière temporaire ou permanente.","creator":"Mozilla <screenshots-feedback@mozilla.com>","homepageURL":"https://github.com/mozilla-services/screenshots","developers":null,"translators":null,"contributors":null,"locales":["fr"]},{"name":"Firefox Screenshots","description":"Dalhin ang clip at mga screenshot mula sa Web at i-save ang mga ito pansamantala o permanente.","creator":"Mozilla <screenshots-feedback@mozilla.com>","homepageURL":"https://github.com/mozilla-services/screenshots","developers":null,"translators":null,"contributors":null,"locales":["tl"]},{"name":"Firefox Screenshots","description":"Take clips and screenshots from the Web and save them temporarily or permanently.","creator":"Mozilla <screenshots-feedback@mozilla.com>","homepageURL":"https://github.com/mozilla-services/screenshots","developers":null,"translators":null,"contributors":null,"locales":["km"]},{"name":"Firefox Screenshots","description":"Прави клипове и снимки на уебстраница и ги запазва временно или за постоянно.","creator":"Mozilla <screenshots-feedback@mozilla.com>","homepageURL":"https://github.com/mozilla-services/screenshots","developers":null,"translators":null,"contributors":null,"locales":["bg"]},{"name":"Firefox Screenshots","description":"Rekam klip dan tangkapan layar dari Web dan simpan untuk sementara atau secara permanen.","creator":"Mozilla <screenshots-feedback@mozilla.com>","homepageURL":"https://github.com/mozilla-services/screenshots","developers":null,"translators":null,"contributors":null,"locales":["id"]},{"name":"Firefox Screenshots","description":"Hartu webetik pantaila-zatiak eta -argazkiak eta gorde aldi baterako edo behin betiko.","creator":"Mozilla <screenshots-feedback@mozilla.com>","homepageURL":"https://github.com/mozilla-services/screenshots","developers":null,"translators":null,"contributors":null,"locales":["eu"]},{"name":"Firefox Screenshots","description":"Pořizujte snímky webových stránek a ukládejte je dočasně nebo natrvalo.","creator":"Mozilla <screenshots-feedback@mozilla.com>","homepageURL":"https://github.com/mozilla-services/screenshots","developers":null,"translators":null,"contributors":null,"locales":["cs"]},{"name":"Firefox Screenshots","description":"વેબમાંથી ક્લિપ્સ અને સ્ક્રીનશૉટ્સ લો અને તેમને કામચલાઉ અથવા કાયમી રીતે સાચવો.","creator":"Mozilla<screenshots-feedback@mozilla.com>","homepageURL":"https://github.com/mozilla-services/screenshots","developers":null,"translators":null,"contributors":null,"locales":["gu-IN"]},{"name":"Firefox Screenshots","description":"Készítsen videoklipeket és képernyőképeket a webről, és mentse őket ideiglenesen vagy véglegesen.","creator":"Mozilla <screenshots-feedback@mozilla.com>","homepageURL":"https://github.com/mozilla-services/screenshots","developers":null,"translators":null,"contributors":null,"locales":["hu"]},{"name":"Firefox Screenshots","description":"Take clips and screenshots from the Web and save them temporarily or permanently.","creator":"Mozilla <screenshots-feedback@mozilla.com>","homepageURL":"https://github.com/mozilla-services/screenshots","developers":null,"translators":null,"contributors":null,"locales":["kn"]},{"name":"Firefox Screenshots","description":"Ke'achapa' silowachib'al chuqa' chapoj wachib'äl pan Ajk'amaya'l richin ye'ayäk.","creator":"Mozilla <screenshots-feedback@mozilla.com>","homepageURL":"https://github.com/mozilla-services/screenshots","developers":null,"translators":null,"contributors":null,"locales":["cak"]},{"name":"Firefox Screenshots","description":"Toma capturas de un sitio Web para guardarlas de forma temporal o permanentemente.","creator":"Mozilla <screenshots-feedback@mozilla.com>","homepageURL":"https://github.com/mozilla-services/screenshots","developers":null,"translators":null,"contributors":null,"locales":["es-CL"]},{"name":"Firefox Screenshots","description":"Робіть вирізки та знімки екрану в Інтернеті та зберігайте їх для подальшої роботи.","creator":"Mozilla <screenshots-feedback@mozilla.com>","homepageURL":"https://github.com/mozilla-services/screenshots","developers":null,"translators":null,"contributors":null,"locales":["uk"]},{"name":"Firefox Screenshots","description":"ویب سے کللبس یاا اسکرین شاٹیں لیں اور ان کو عارظی یا مستقل طور پر محفوظ کریں۔","creator":"Mozilla <screenshots-feedback@mozilla.com>","homepageURL":"https://github.com/mozilla-services/screenshots","developers":null,"translators":null,"contributors":null,"locales":["ur"]},{"name":"Firefox Screenshots","description":"Prenu eltondaĵon aŭ faru ekrankopiojn de retpaĝoj kaj konservu ilin ĉu daŭre ĉu provizore.","creator":"Mozilla <screenshots-feedback@mozilla.com>","homepageURL":"https://github.com/mozilla-services/screenshots","developers":null,"translators":null,"contributors":null,"locales":["eo"]},{"name":"Firefox Screenshots","description":"Ta klipp och skärmbilder från webben och spara dem tillfälligt eller permanent.","creator":"Mozilla <screenshots-feedback@mozilla.com>","homepageURL":"https://github.com/mozilla-services/screenshots","developers":null,"translators":null,"contributors":null,"locales":["sv-SE"]},{"name":"Firefox Screenshots","description":"Ta klipp og skjermbilde frå nettet og lagre dei mellombels eller permanent.","creator":"Mozilla <screenshots-feedback@mozilla.com>","homepageURL":"https://github.com/mozilla-services/screenshots","developers":null,"translators":null,"contributors":null,"locales":["nn-NO"]},{"name":"Firefox Screenshots","description":"خذ مقاطع و لقطات من الوب و احفظهم مؤقتًا أو دائمًا.","creator":"موزيلا <screenshots-feedback@mozilla.com>","homepageURL":"https://github.com/mozilla-services/screenshots","developers":null,"translators":null,"contributors":null,"locales":["ar"]},{"name":"Firefox Screenshots","description":"Chụp ảnh và chụp màn hình từ Web và lưu chúng tạm thời hoặc vĩnh viễn.","creator":"Mozilla <screenshots-feedback@mozilla.com>","homepageURL":"https://github.com/mozilla-services/screenshots","developers":null,"translators":null,"contributors":null,"locales":["vi"]},{"name":"Firefox Screenshots","description":"Ƴettu kilip walla nattal yaynirde rewrude e geese, ndaɗndaa ɗum e mudda walla e ko duumii.","creator":"Mozilla <screenshots-feedback@mozilla.com>","homepageURL":"https://github.com/mozilla-services/screenshots","developers":null,"translators":null,"contributors":null,"locales":["ff"]},{"name":"Firefox Screenshots","description":"გადაუღეთ ვიდეოები და სურათები ვებგვერდებს და შეინახეთ დროებით, ან მუდმივად.","creator":"Mozilla <screenshots-feedback@mozilla.com>","homepageURL":"https://github.com/mozilla-services/screenshots","developers":null,"translators":null,"contributors":null,"locales":["ka"]},{"name":"Firefox Screenshots","description":"웹 페이지를 찍거나 영상으로 만들어 임시로, 혹은 영구히 보관하세요.","creator":"Mozilla <screenshots-feedback@mozilla.com>","homepageURL":"https://github.com/mozilla-services/screenshots","developers":null,"translators":null,"contributors":null,"locales":["ko"]},{"name":"Firefox Screenshots","description":"Tog cliopaichean is glacaidhean-sgrìn on lìon is sàbhail iad rè seal no gu buan.","creator":"Mozilla <screenshots-feedback@mozilla.com>","homepageURL":"https://github.com/mozilla-services/screenshots","developers":null,"translators":null,"contributors":null,"locales":["gd"]},{"name":"Firefox Screenshots","description":"Cattura schermate di contenuti sul Web e salvali, per un periodo di tempo limitato o in modo permanente.","creator":"Mozilla <screenshots-feedback@mozilla.com>","homepageURL":"https://github.com/mozilla-services/screenshots","developers":null,"translators":null,"contributors":null,"locales":["it"]},{"name":"Firefox Screenshots","description":"Tomá imágenes y capturas de la web y guardalos temporal o permanentemente.","creator":"Mozilla <screenshots-feedback@mozilla.com>","homepageURL":"https://github.com/mozilla-services/screenshots","developers":null,"translators":null,"contributors":null,"locales":["es-AR"]},{"name":"Firefox Screenshots","description":"Internetdan lavha va skrinshotlar oling hamda ularni vaqtincha yoki butunlay saqlab oling.","creator":"Mozilla <screenshots-feedback@mozilla.com>","homepageURL":"https://github.com/mozilla-services/screenshots","developers":null,"translators":null,"contributors":null,"locales":["uz"]},{"name":"Firefox Screenshots","description":"Darykite iškarpas ir ekrano nuotraukos su interneto turiniu bei saugokite jas laikinai arba visąlaik.","creator":"„Mozilla“ <screenshots-feedback@mozilla.com>","homepageURL":"https://github.com/mozilla-services/screenshots","developers":null,"translators":null,"contributors":null,"locales":["lt"]},{"name":"Firefox Screenshots","description":"Përftoni copëza dhe bëni foto në Web dhe ruajini ato përkohësisht ose përfundimisht.","creator":"Mozilla <screenshots-feedback@mozilla.com>","homepageURL":"https://github.com/mozilla-services/screenshots","developers":null,"translators":null,"contributors":null,"locales":["sq"]},{"name":"Firefox Screenshots","description":"Tomar clips y capturas de pantalla de la web y guardarlos temporalmente o permanentemente.","creator":"Mozilla <screenshots-feedback@mozilla.com>","homepageURL":"https://github.com/mozilla-services/screenshots","developers":null,"translators":null,"contributors":null,"locales":["es-MX"]},{"name":"Firefox Screenshots","description":"வலைபக்கங்களை நிரந்தரமாக (அ) தற்காலிகமாக துணுக்குகளாக (அ) திரைப்பிடிப்புகளாக சேமியுங்கள்.","creator":"மொசில்லா <screenshots-feedback@mozilla.com>","homepageURL":"https://github.com/mozilla-services/screenshots","developers":null,"translators":null,"contributors":null,"locales":["ta"]},{"name":"Firefox Screenshots","description":"Web səhifələrin ekran görüntülərini alın, müvəqqəti və ya qalıcı saxlayın.","creator":"Mozilla <screenshots-feedback@mozilla.com>","homepageURL":"https://github.com/mozilla-services/screenshots","developers":null,"translators":null,"contributors":null,"locales":["az"]},{"name":"Firefox Screenshots","description":"Земете исечоци и слики од Интернет и зачувајте ги привремено или трајно.","creator":"Mozilla <screenshots-feedback@mozilla.com>","homepageURL":"https://github.com/mozilla-services/screenshots","developers":null,"translators":null,"contributors":null,"locales":["mk"]},{"name":"Firefox Screenshots","description":"จับภาพหน้าจอจากเว็บและบันทึกไว้ชั่วคราวหรือถาวร","creator":"Mozilla <screenshots-feedback@mozilla.com>","homepageURL":"https://github.com/mozilla-services/screenshots","developers":null,"translators":null,"contributors":null,"locales":["th"]},{"name":"Firefox Screenshots","description":"Erstellen Sie Bildschirmfotos von vollständigen Webseiten oder Ausschnitten und speichern Sie diese temporär oder dauerhaft.","creator":"Mozilla <screenshots-feedback@mozilla.com>","homepageURL":"https://github.com/mozilla-services/screenshots","developers":null,"translators":null,"contributors":null,"locales":["de"]},{"name":"Firefox Screenshots","description":"वेबवरून क्लिप आणि स्क्रीनशॉट घ्या आणि त्यांना तात्पुरते किंवा कायमचे जतन करा.","creator":"Mozilla <screenshots-feedback@mozilla.com>","homepageURL":"https://github.com/mozilla-services/screenshots","developers":null,"translators":null,"contributors":null,"locales":["mr"]},{"name":"Firefox Screenshots","description":"Wzmiće klipy a fota wobrazowki z weba a składujće je nachwilu abo na přeco.","creator":"Mozilla <screenshots-feedback@mozilla.com>","homepageURL":"https://github.com/mozilla-services/screenshots","developers":null,"translators":null,"contributors":null,"locales":["hsb"]},{"name":"Firefox Screenshots","description":"ဝဘ်ထံမှ ဓါတ်ပုံများနှင့် မျက်နှာပြင်ပုံဖမ်းချက်များကို ရိုက်ယူပြီး ယာယီ သို့မဟုတ် အမြဲတမ်းသိုလှောင်ရာတွင် သိမ်းဆည်းပါ။","creator":"Mozilla <screenshots-feedback@mozilla.com>","homepageURL":"https://github.com/mozilla-services/screenshots","developers":null,"translators":null,"contributors":null,"locales":["my"]},{"name":"Firefox Screenshots","description":"Fai maletgs da visur dal web ed als memorisescha temporarmain u permanentamain.","creator":"Mozilla <screenshots-feedback@mozilla.com>","homepageURL":"https://github.com/mozilla-services/screenshots","developers":null,"translators":null,"contributors":null,"locales":["rm"]},{"name":"Firefox Screenshots","description":"Take clips and screenshots from the Web and save them temporarily or permanently.","creator":"Mozilla <screenshots-feedback@mozilla.com>","homepageURL":"https://github.com/mozilla-services/screenshots","developers":null,"translators":null,"contributors":null,"locales":["gl"]},{"name":"Firefox Screenshots","description":"ওয়েব থেকে ক্লিপ এবং স্ক্রিনশট নিন এবং সেগুলো সাময়িকভাবে বা স্থায়ীভাবে সংরক্ষণ করুন।","creator":"Mozilla <screenshots-feedback@mozilla.com>","homepageURL":"https://github.com/mozilla-services/screenshots","developers":null,"translators":null,"contributors":null,"locales":["bn-BD"]},{"name":"Firefox Screenshots","description":"Feu captures de pantalla de pàgines web i deseu-les temporalment o per sempre.","creator":"Mozilla <screenshots-feedback@mozilla.com>","homepageURL":"https://github.com/mozilla-services/screenshots","developers":null,"translators":null,"contributors":null,"locales":["ca"]},{"name":"Firefox Screenshots","description":"Meitsje skermôfdrukken of klips fan it web en bewarje se tydlik of permanint.","creator":"Mozilla <screenshots-feedback@mozilla.com>","homepageURL":"https://github.com/mozilla-services/screenshots","developers":null,"translators":null,"contributors":null,"locales":["fy-NL"]},{"name":"Firefox Screenshots","description":"Take clips and screenshots from the Web and save them temporarily or permanently.","creator":"Mozilla <screenshots-feedback@mozilla.com>","homepageURL":"https://github.com/mozilla-services/screenshots","developers":null,"translators":null,"contributors":null,"locales":["si"]},{"name":"Firefox Screenshots","description":"Take clips and screenshots from the Web and save them temporarily or permanently.","creator":"Mozilla <screenshots-feedback@mozilla.com>","homepageURL":"https://github.com/mozilla-services/screenshots","developers":null,"translators":null,"contributors":null,"locales":["mai"]},{"name":"Firefox Screenshots","description":"Бележите снимке екрана са веба и сачувајте их привремено или трајно.","creator":"Mozilla <screenshots-feedback@mozilla.com>","homepageURL":"https://github.com/mozilla-services/screenshots","developers":null,"translators":null,"contributors":null,"locales":["sr"]},{"name":"Firefox Screenshots","description":"از وب عکس بگیرید و کلیپ بسازید و به صورت موقت یا دایمی ذخیره کنید.","creator":"موزیلا <screenshots-feedback@mozilla.com>","homepageURL":"https://github.com/mozilla-services/screenshots","developers":null,"translators":null,"contributors":null,"locales":["fa"]},{"name":"Firefox Screenshots","description":"വെബിൽ നിന്ന് ക്ലിപ്പുകളും സ്ക്രീൻഷോട്ടുകളും എടുത്ത് അവ താൽക്കാലികമായോ അല്ലെങ്കിൽ സ്ഥിരമായോ സംരക്ഷിക്കുക.","creator":"മോസില്ല <screenshots-feedback@mozilla.com>","homepageURL":"https://github.com/mozilla-services/screenshots","developers":null,"translators":null,"contributors":null,"locales":["ml"]},{"name":"Firefox Screenshots","description":"Fanni de föto do schermo da-o Web e sarvale in mòddo tenporaneo ò cin mòddo che restan.","creator":"Mozilla <screenshots-feedback@mozilla.com>","homepageURL":"https://github.com/mozilla-services/screenshots","developers":null,"translators":null,"contributors":null,"locales":["lij"]},{"name":"Firefox Screenshots","description":"Ambil klip dan skrinsyot dari Web dan simpan untuk sementara waktu atau kekal.","creator":"Mozilla <screenshots-feedback@mozilla.com>","homepageURL":"https://github.com/mozilla-services/screenshots","developers":null,"translators":null,"contributors":null,"locales":["ms"]},{"name":"Firefox Screenshots","description":"Prende retalios video e instantaneos de schermo ab le Web e salva los temporarimente o permanentemente.","creator":"Mozilla <screenshots-feedback@mozilla.com>","homepageURL":"https://github.com/mozilla-services/screenshots","developers":null,"translators":null,"contributors":null,"locales":["ia"]},{"name":"Firefox Screenshots","description":"截取网页截图，可临时或永久存储。","creator":"Mozilla <screenshots-feedback@mozilla.com>","homepageURL":"https://github.com/mozilla-services/screenshots","developers":null,"translators":null,"contributors":null,"locales":["zh-CN"]},{"name":"Firefox Screenshots","description":"Делайте вырезки и скриншоты из Интернета и сохраняйте их временно или навсегда.","creator":"Mozilla <screenshots-feedback@mozilla.com>","homepageURL":"https://github.com/mozilla-services/screenshots","developers":null,"translators":null,"contributors":null,"locales":["ru"]},{"name":"Firefox Screenshots","description":"Tapit skeudennoù war ar Web hag enrollit anezho e-pad ur mare pe da viken.","creator":"Mozilla <screenshots-feedback@mozilla.com>","homepageURL":"https://github.com/mozilla-services/screenshots","developers":null,"translators":null,"contributors":null,"locales":["br"]},{"name":"Firefox Screenshots","description":"Twórz wycinki i zrzuty stron internetowych i zapisuj je tymczasowo lub trwale.","creator":"Mozilla <screenshots-feedback@mozilla.com>","homepageURL":"https://github.com/mozilla-services/screenshots","developers":null,"translators":null,"contributors":null,"locales":["pl"]},{"name":"Firefox Screenshots","description":"Ağ'dan tüyremeler ve ekran körüntilerini al ve olarnı muvaqqat yaki payidar olaraq saqla.","creator":"Mozilla <screenshots-feedback@mozilla.com>","homepageURL":"https://github.com/mozilla-services/screenshots","developers":null,"translators":null,"contributors":null,"locales":["crh"]},{"name":"Firefox Screenshots","description":"वेब से फ़ोटो और स्क्रीनशॉट लें और उन्हें अस्थायी या स्थायी रूप से सहेजें.","creator":"Mozilla <screenshots-feedback@mozilla.com>","homepageURL":"https://github.com/mozilla-services/screenshots","developers":null,"translators":null,"contributors":null,"locales":["hi-IN"]},{"name":"Firefox Screenshots","description":"ຖ່າຍຄຣິບ ແລະ ພາບຫນ້າຈໍຈາກຫນ້າເວັບ ແລ້ວບັນທຶກໄວ້ຊົ່ວຄາວ ຫລື ຖາວອນ.","creator":"Mozilla <screenshots-feedback@mozilla.com>","homepageURL":"https://github.com/mozilla-services/screenshots","developers":null,"translators":null,"contributors":null,"locales":["lo"]},{"name":"Firefox Screenshots","description":"Zajemajte posnetke zaslona s spleta ter jih shranite začasno ali trajno.","creator":"Mozilla <screenshots-feedback@mozilla.com>","homepageURL":"https://github.com/mozilla-services/screenshots","developers":null,"translators":null,"contributors":null,"locales":["sl"]},{"name":"Firefox Screenshots","description":"Snimite ili slikajte stvari s Weba te ih spremite privremeno ili trajno.","creator":"Mozilla <screenshots-feedback@mozilla.org>","homepageURL":"https://github.com/mozilla-services/screenshots","developers":null,"translators":null,"contributors":null,"locales":["hr"]},{"name":"Firefox Screenshots","description":"Ota leikkeitä ja kuvakaappauksia verkosta ja tallenna ne tilapäisesti tai pysyvästi.","creator":"Mozilla <screenshots-feedback@mozilla.com>","homepageURL":"https://github.com/mozilla-services/screenshots","developers":null,"translators":null,"contributors":null,"locales":["fi"]},{"name":"Firefox Screenshots","description":"Mak vidio ma ki ngolo macego cego ki cal me wang kio ki i Kakube ka igwok gi pi tutunu onyo matwal.","creator":"Mozilla <screenshots-feedback@mozilla.com>","homepageURL":"https://github.com/mozilla-services/screenshots","developers":null,"translators":null,"contributors":null,"locales":["ach"]},{"name":"Firefox Screenshots","description":"Интернеттен скриншоттарды түсіріп, оларды уақытша немесе тұрақты түрде сақтаңыз.","creator":"Mozilla <screenshots-feedback@mozilla.com>","homepageURL":"https://github.com/mozilla-services/screenshots","developers":null,"translators":null,"contributors":null,"locales":["kk"]},{"name":"Firefox Screenshots","description":"Рабіце кліпы і здымкі экрана ў Сеціве і захоўвайце іх часова або назаўжды.","creator":"Mozilla <screenshots-feedback@mozilla.com>","homepageURL":"https://github.com/mozilla-services/screenshots","developers":null,"translators":null,"contributors":null,"locales":["be"]},{"name":"Firefox Screenshots","description":"Realizează decupaje și capturi de ecran de pe web și salvează-le temporar sau permanent.","creator":"Mozilla <screenshots-feedback@mozilla.com>","homepageURL":"https://github.com/mozilla-services/screenshots","developers":null,"translators":null,"contributors":null,"locales":["ro"]},{"name":"Firefox Screenshots","description":"Snimite ili slikajte stvari s weba te ih sačuvajte privremeno ili trajno.","creator":"Mozilla <screenshots-feedback@mozilla.com>","homepageURL":"https://github.com/mozilla-services/screenshots","developers":null,"translators":null,"contributors":null,"locales":["bs"]},{"name":"Firefox Screenshots","description":"Enohẽ ta’anga ha japyhypy ñandutígui ha eñongatu sapy’aite térã areve.","creator":"Mozilla <screenshots-feedback@mozilla.com>","homepageURL":"https://github.com/mozilla-services/screenshots","developers":null,"translators":null,"contributors":null,"locales":["gn"]},{"name":"Firefox Screenshots","description":"Ṭṭef imrayen akked igdilen si Web sakin sekles-iten s wudem askudan neγ s wudem yezgan.","creator":"Mozilla <screenshots-feedback@mozilla.com>","homepageURL":"https://github.com/mozilla-services/screenshots","developers":null,"translators":null,"contributors":null,"locales":["kab"]},{"name":"Firefox Screenshots","description":"Take clips and screenshots from the Web and save them temporarily or permanently.","creator":"ਮੌਜ਼ੀਲਾ <screenshots-feedback@mozilla.com>","homepageURL":"https://github.com/mozilla-services/screenshots","developers":null,"translators":null,"contributors":null,"locales":["pa-IN"]},{"name":"Firefox Screenshots","description":"Vytvorte si snímky obrazovky na webe a uložte si ich dočasne či navždy.","creator":"Mozilla <screenshots-feedback@mozilla.com>","homepageURL":"https://github.com/mozilla-services/screenshots","developers":null,"translators":null,"contributors":null,"locales":["sk"]},{"name":"Firefox Screenshots","description":"Ստացեք հոլովակներ և էկրանի հանույթներ վեբից և պահպանեք դանք ժամանակավոր կամ մշտապես:","creator":"Mozilla <screenshots-feedback@mozilla.com>","homepageURL":"https://github.com/mozilla-services/screenshots","developers":null,"translators":null,"contributors":null,"locales":["hy-AM"]},{"name":"Firefox Screenshots","description":"Tire capturas de tela da Web e guarde-as temporariamente ou permanentemente.","creator":"Mozilla <screenshots-feedback@mozilla.com>","homepageURL":"https://github.com/mozilla-services/screenshots","developers":null,"translators":null,"contributors":null,"locales":["pt-BR"]},{"name":"Firefox Screenshots","description":"拍攝網頁的擷圖，可暫時儲存或永久儲存。","creator":"Mozilla <screenshots-feedback@mozilla.com>","homepageURL":"https://github.com/mozilla-services/screenshots","developers":null,"translators":null,"contributors":null,"locales":["zh-TW"]},{"name":"Firefox Screenshots","description":"יצירת צילומי מסך של דפי אינטרנט ושמירה שלהם באופן זמני או קבוע.","creator":"Mozilla <screenshots-feedback@mozilla.com>","homepageURL":"https://github.com/mozilla-services/screenshots","developers":null,"translators":null,"contributors":null,"locales":["he"]},{"name":"Firefox Screenshots","description":"Tag udklip og skærmbilleder fra nettet og gem dem midlertidigt eller permanent.","creator":"Mozilla <screenshots-feedback@mozilla.com>","homepageURL":"https://github.com/mozilla-services/screenshots","developers":null,"translators":null,"contributors":null,"locales":["da"]},{"name":"Firefox Screenshots","description":"Вэбээс авсан клип болон дэлгэцийн зургийг аваад тэдгээрийг түр эсвэл бүрмөсөн хадгал.","creator":"Mozilla <screenshots-feedback@mozilla.com>","homepageURL":"https://github.com/mozilla-services/screenshots","developers":null,"translators":null,"contributors":null,"locales":["mn"]},{"name":"Firefox Screenshots","description":"Web sayfalarının ekran görüntülerini alın, ister geçici ister kalıcı olarak kaydedin.","creator":"Mozilla <screenshots-feedback@mozilla.com>","homepageURL":"https://github.com/mozilla-services/screenshots","developers":null,"translators":null,"contributors":null,"locales":["tr"]},{"name":"Firefox Screenshots","description":"Haz capturas y recortes de la web y guárdalos temporal o permanentemente.","creator":"Mozilla <screenshots-feedback@mozilla.com>","homepageURL":"https://github.com/mozilla-services/screenshots","developers":null,"translators":null,"contributors":null,"locales":["es-ES"]},{"name":"Firefox Screenshots","description":"वेबबाट फोटो र सिक्रिनसट या क्लिपहरू लिएर क्षणिक वा सदाको लागि सङ्ग्रह गर्न ।","creator":"Mozilla <screenshots-feedback@mozilla.com>","homepageURL":"https://github.com/mozilla-services/screenshots","developers":null,"translators":null,"contributors":null,"locales":["ne-NP"]},{"name":"Firefox Screenshots","description":"Maak clips en schermafbeeldingen van het web en sla deze tijdelijk of permanent op.","creator":"Mozilla <screenshots-feedback@mozilla.com>","homepageURL":"https://github.com/mozilla-services/screenshots","developers":null,"translators":null,"contributors":null,"locales":["nl"]},{"name":"Firefox Screenshots","description":"Πραγματοποιήστε λήψη στιγμιοτύπων από το Διαδίκτυο και αποθηκεύστε τα προσωρινά ή μόνιμα.","creator":"Mozilla <screenshots-feedback@mozilla.com>","homepageURL":"https://github.com/mozilla-services/screenshots","developers":null,"translators":null,"contributors":null,"locales":["el"]}],"targetApplications":[{"id":"toolkit@mozilla.org","minVersion":"57.0a1","maxVersion":null}],"targetPlatforms":[],"seen":true,"dependencies":[],"incognito":"spanning","userPermissions":{"permissions":["activeTab","downloads","tabs","storage","notifications","clipboardWrite","contextMenus"],"origins":["<all_urls>","https://screenshots.firefox.com/","https://screenshots.firefox.com/*"]},"icons":{"32":"icons/icon-v2.svg"},"iconURL":null,"blocklistState":0,"blocklistURL":null,"startupData":null,"hidden":true,"installTelemetryInfo":null,"recommendationState":null,"rootURI":"jar:file:///C:/Program%20Files/Mozilla%20Firefox/browser/features/screenshots@mozilla.org.xpi!/","location":"app-system-defaults"},{"id":"webcompat-reporter@mozilla.org","syncGUID":"{537ee1d7-97e8-42bc-a657-ee581f6664e1}","version":"1.1.0","type":"extension","loader":null,"updateURL":null,"optionsURL":null,"optionsType":null,"optionsBrowserStyle":true,"aboutURL":null,"defaultLocale":{"name":"WebCompat Reporter","description":"Report site compatibility issues on webcompat.com","creator":"Thomas Wisniewski <twisniewski@mozilla.com>","homepageURL":"https://github.com/mozilla/webcompat-reporter","developers":null,"translators":null,"contributors":null},"visible":true,"active":false,"userDisabled":true,"appDisabled":false,"installDate":1578080829000,"updateDate":1579300199000,"applyBackgroundUpdates":1,"path":"C:\\Program Files\\Mozilla Firefox\\browser\\features\\webcompat-reporter@mozilla.org.xpi","skinnable":false,"sourceURI":null,"releaseNotesURI":null,"softDisabled":false,"foreignInstall":false,"strictCompatibility":true,"locales":[],"targetApplications":[{"id":"toolkit@mozilla.org","minVersion":null,"maxVersion":null}],"targetPlatforms":[],"seen":true,"dependencies":[],"incognito":"spanning","userPermissions":{"permissions":["tabs"],"origins":["<all_urls>"]},"icons":{"16":"icons/lightbulb.svg","32":"icons/lightbulb.svg","48":"icons/lightbulb.svg","96":"icons/lightbulb.svg","128":"icons/lightbulb.svg"},"iconURL":null,"blocklistState":0,"blocklistURL":null,"startupData":null,"hidden":true,"installTelemetryInfo":null,"recommendationState":null,"rootURI":"jar:file:///C:/Program%20Files/Mozilla%20Firefox/browser/features/webcompat-reporter@mozilla.org.xpi!/","location":"app-system-defaults"},{"id":"webcompat@mozilla.org","syncGUID":"{daa114db-f7d4-458b-8f9e-cb4ec64dd6f0}","version":"6.4.0","type":"extension","loader":null,"updateURL":null,"optionsURL":null,"optionsType":null,"optionsBrowserStyle":true,"aboutURL":null,"defaultLocale":{"name":"Web Compat","description":"Urgent post-release fixes for web compatibility.","creator":null,"developers":null,"translators":null,"contributors":null},"visible":true,"active":true,"userDisabled":false,"appDisabled":false,"installDate":1578080829000,"updateDate":1579300199000,"applyBackgroundUpdates":1,"path":"C:\\Program Files\\Mozilla Firefox\\browser\\features\\webcompat@mozilla.org.xpi","skinnable":false,"sourceURI":null,"releaseNotesURI":null,"softDisabled":false,"foreignInstall":false,"strictCompatibility":true,"locales":[],"targetApplications":[{"id":"toolkit@mozilla.org","minVersion":"59.0b5","maxVersion":null}],"targetPlatforms":[],"seen":true,"dependencies":[],"incognito":"spanning","userPermissions":{"permissions":["webRequest","webRequestBlocking"],"origins":["<all_urls>"]},"icons":{},"iconURL":null,"blocklistState":0,"blocklistURL":null,"startupData":null,"hidden":true,"installTelemetryInfo":null,"recommendationState":null,"rootURI":"jar:file:///C:/Program%20Files/Mozilla%20Firefox/browser/features/webcompat@mozilla.org.xpi!/","location":"app-system-defaults"},{"id":"default-theme@mozilla.org","syncGUID":"{87022aa7-fda9-4ac1-a1b7-1b9dcc6a058a}","version":"1.0","type":"theme","loader":null,"updateURL":null,"optionsURL":null,"optionsType":null,"optionsBrowserStyle":true,"aboutURL":null,"defaultLocale":{"name":"Default","description":"A theme with the operating system color scheme.","creator":"Mozilla","developers":null,"translators":null,"contributors":null},"visible":true,"active":true,"userDisabled":false,"appDisabled":false,"installDate":1621405040747,"applyBackgroundUpdates":1,"path":null,"skinnable":false,"sourceURI":null,"releaseNotesURI":null,"softDisabled":false,"foreignInstall":false,"strictCompatibility":true,"locales":[],"targetApplications":[{"id":"toolkit@mozilla.org","minVersion":null,"maxVersion":null}],"targetPlatforms":[],"seen":true,"dependencies":[],"userPermissions":null,"icons":{"32":"icon.svg"},"iconURL":null,"blocklistState":0,"blocklistURL":null,"startupData":null,"hidden":false,"installTelemetryInfo":null,"recommendationState":null,"rootURI":"resource://gre/modules/themes/default/","location":"app-builtin"},{"id":"firefox-compact-light@mozilla.org","syncGUID":"{143c74ae-ccf7-42be-93fd-2c15e7690fac}","version":"1.0","type":"theme","loader":null,"updateURL":null,"optionsURL":null,"optionsType":null,"optionsBrowserStyle":true,"aboutURL":null,"defaultLocale":{"name":"Light","description":"A theme with a light color scheme.","creator":"Mozilla","developers":null,"translators":null,"contributors":null},"visible":true,"active":false,"userDisabled":true,"appDisabled":false,"installDate":1621405040807,"applyBackgroundUpdates":1,"path":null,"skinnable":false,"sourceURI":null,"releaseNotesURI":null,"softDisabled":false,"foreignInstall":false,"strictCompatibility":true,"locales":[],"targetApplications":[{"id":"toolkit@mozilla.org","minVersion":null,"maxVersion":null}],"targetPlatforms":[],"seen":true,"dependencies":[],"userPermissions":null,"icons":{"32":"icon.svg"},"iconURL":null,"blocklistState":0,"blocklistURL":null,"startupData":null,"hidden":false,"installTelemetryInfo":null,"recommendationState":null,"rootURI":"resource:///modules/themes/light/","location":"app-builtin"},{"id":"firefox-compact-dark@mozilla.org","syncGUID":"{073d2591-c6e2-49af-ac50-65326d1c2519}","version":"1.0","type":"theme","loader":null,"updateURL":null,"optionsURL":null,"optionsType":null,"optionsBrowserStyle":true,"aboutURL":null,"defaultLocale":{"name":"Dark","description":"A theme with a dark color scheme.","creator":"Mozilla","developers":null,"translators":null,"contributors":null},"visible":true,"active":false,"userDisabled":true,"appDisabled":false,"installDate":1621405040810,"applyBackgroundUpdates":1,"path":null,"skinnable":false,"sourceURI":null,"releaseNotesURI":null,"softDisabled":false,"foreignInstall":false,"strictCompatibility":true,"locales":[],"targetApplications":[{"id":"toolkit@mozilla.org","minVersion":null,"maxVersion":null}],"targetPlatforms":[],"seen":true,"dependencies":[],"userPermissions":null,"icons":{"32":"icon.svg"},"iconURL":null,"blocklistState":0,"blocklistURL":null,"startupData":null,"hidden":false,"installTelemetryInfo":null,"recommendationState":null,"rootURI":"resource:///modules/themes/dark/","location":"app-builtin"},{"id":"google@search.mozilla.org","syncGUID":"{64bbf180-ea8f-4c9b-8297-83d970d06db3}","version":"1.0","type":"extension","loader":null,"updateURL":null,"optionsURL":null,"optionsType":null,"optionsBrowserStyle":true,"aboutURL":null,"defaultLocale":{"name":"Google","description":"Google Search","creator":null,"developers":null,"translators":null,"contributors":null},"visible":true,"active":true,"userDisabled":false,"appDisabled":false,"installDate":1621405041554,"applyBackgroundUpdates":1,"path":null,"skinnable":false,"sourceURI":null,"releaseNotesURI":null,"softDisabled":false,"foreignInstall":false,"strictCompatibility":true,"locales":[{"name":"Google","description":"Google Search","creator":null,"developers":null,"translators":null,"contributors":null,"locales":["en"]},{"name":"Google","description":"Google Search","creator":null,"developers":null,"translators":null,"contributors":null,"locales":["b-1-d"]},{"name":"Google","description":"Google Search","creator":null,"developers":null,"translators":null,"contributors":null,"locales":["b-1-e"]},{"name":"Google","description":"Google Search","creator":null,"developers":null,"translators":null,"contributors":null,"locales":["b-d"]},{"name":"Google","description":"Google Search","creator":null,"developers":null,"translators":null,"contributors":null,"locales":["b-e"]}],"targetApplications":[{"id":"toolkit@mozilla.org","minVersion":null,"maxVersion":null}],"targetPlatforms":[],"seen":true,"dependencies":[],"incognito":"spanning","userPermissions":{"permissions":[],"origins":[]},"icons":{"16":"favicon.ico"},"iconURL":null,"blocklistState":0,"blocklistURL":null,"startupData":null,"hidden":true,"installTelemetryInfo":null,"recommendationState":null,"rootURI":"resource://search-extensions/google/","location":"app-builtin"},{"id":"amazondotcom@search.mozilla.org","syncGUID":"{753c7952-cab1-4b42-8fe3-e4f0d04214b5}","version":"1.1","type":"extension","loader":null,"updateURL":null,"optionsURL":null,"optionsType":null,"optionsBrowserStyle":true,"aboutURL":null,"defaultLocale":{"name":"Amazon.com","description":"Amazon.com Search","creator":null,"developers":null,"translators":null,"contributors":null},"visible":true,"active":true,"userDisabled":false,"appDisabled":false,"installDate":1621405041657,"applyBackgroundUpdates":1,"path":null,"skinnable":false,"sourceURI":null,"releaseNotesURI":null,"softDisabled":false,"foreignInstall":false,"strictCompatibility":true,"locales":[{"name":"Amazon.com","description":"Amazon.com Search","creator":null,"developers":null,"translators":null,"contributors":null,"locales":["en"]}],"targetApplications":[{"id":"toolkit@mozilla.org","minVersion":null,"maxVersion":null}],"targetPlatforms":[],"seen":true,"dependencies":[],"incognito":"spanning","userPermissions":{"permissions":[],"origins":[]},"icons":{"16":"favicon.ico"},"iconURL":null,"blocklistState":0,"blocklistURL":null,"startupData":null,"hidden":true,"installTelemetryInfo":null,"recommendationState":null,"rootURI":"resource://search-extensions/amazondotcom/","location":"app-builtin"},{"id":"bing@search.mozilla.org","syncGUID":"{72c7bc38-3db3-407a-8b4f-22656147a8c8}","version":"1.0","type":"extension","loader":null,"updateURL":null,"optionsURL":null,"optionsType":null,"optionsBrowserStyle":true,"aboutURL":null,"defaultLocale":{"name":"Bing","description":"Bing. Search by Microsoft.","creator":null,"developers":null,"translators":null,"contributors":null},"visible":true,"active":true,"userDisabled":false,"appDisabled":false,"installDate":1621405041739,"applyBackgroundUpdates":1,"path":null,"skinnable":false,"sourceURI":null,"releaseNotesURI":null,"softDisabled":false,"foreignInstall":false,"strictCompatibility":true,"locales":[],"targetApplications":[{"id":"toolkit@mozilla.org","minVersion":null,"maxVersion":null}],"targetPlatforms":[],"seen":true,"dependencies":[],"incognito":"spanning","userPermissions":{"permissions":[],"origins":[]},"icons":{"16":"favicon.ico"},"iconURL":null,"blocklistState":0,"blocklistURL":null,"startupData":null,"hidden":true,"installTelemetryInfo":null,"recommendationState":null,"rootURI":"resource://search-extensions/bing/","location":"app-builtin"},{"id":"ddg@search.mozilla.org","syncGUID":"{e9ae0178-d2d6-4a56-8d66-97d1d8629ed1}","version":"1.0","type":"extension","loader":null,"updateURL":null,"optionsURL":null,"optionsType":null,"optionsBrowserStyle":true,"aboutURL":null,"defaultLocale":{"name":"DuckDuckGo","description":"Search DuckDuckGo","creator":null,"developers":null,"translators":null,"contributors":null},"visible":true,"active":true,"userDisabled":false,"appDisabled":false,"installDate":1621405041946,"applyBackgroundUpdates":1,"path":null,"skinnable":false,"sourceURI":null,"releaseNotesURI":null,"softDisabled":false,"foreignInstall":false,"strictCompatibility":true,"locales":[],"targetApplications":[{"id":"toolkit@mozilla.org","minVersion":null,"maxVersion":null}],"targetPlatforms":[],"seen":true,"dependencies":[],"incognito":"spanning","userPermissions":{"permissions":[],"origins":[]},"icons":{"16":"favicon.ico"},"iconURL":null,"blocklistState":0,"blocklistURL":null,"startupData":null,"hidden":true,"installTelemetryInfo":null,"recommendationState":null,"rootURI":"resource://search-extensions/ddg/","location":"app-builtin"},{"id":"ebay@search.mozilla.org","syncGUID":"{ab1ae632-0e04-4433-b760-8a341c8b3c78}","version":"1.0","type":"extension","loader":null,"updateURL":null,"optionsURL":null,"optionsType":null,"optionsBrowserStyle":true,"aboutURL":null,"defaultLocale":{"name":"eBay","description":"eBay - Online auctions","creator":null,"developers":null,"translators":null,"contributors":null},"visible":true,"active":true,"userDisabled":false,"appDisabled":false,"installDate":1621405042023,"applyBackgroundUpdates":1,"path":null,"skinnable":false,"sourceURI":null,"releaseNotesURI":null,"softDisabled":false,"foreignInstall":false,"strictCompatibility":true,"locales":[{"name":"eBay","description":"eBay - Online auctions","creator":null,"developers":null,"translators":null,"contributors":null,"locales":["en"]},{"name":"eBay","description":"eBay - Online auctions","creator":null,"developers":null,"translators":null,"contributors":null,"locales":["ie"]},{"name":"eBay","description":"eBay - Online auctions","creator":null,"developers":null,"translators":null,"contributors":null,"locales":["uk"]},{"name":"eBay","description":"eBay - Online auctions","creator":null,"developers":null,"translators":null,"contributors":null,"locales":["it"]},{"name":"eBay","description":"eBay - Online auctions","creator":null,"developers":null,"translators":null,"contributors":null,"locales":["de"]},{"name":"eBay","description":"eBay - Online auctions","creator":null,"developers":null,"translators":null,"contributors":null,"locales":["ca"]},{"name":"eBay","description":"eBay - Online auctions","creator":null,"developers":null,"translators":null,"contributors":null,"locales":["ch"]},{"name":"eBay","description":"eBay - Online auctions","creator":null,"developers":null,"translators":null,"contributors":null,"locales":["at"]},{"name":"eBay","description":"eBay - Online auctions","creator":null,"developers":null,"translators":null,"contributors":null,"locales":["au"]},{"name":"eBay","description":"eBay - Online auctions","creator":null,"developers":null,"translators":null,"contributors":null,"locales":["be"]},{"name":"eBay","description":"eBay - Online auctions","creator":null,"developers":null,"translators":null,"contributors":null,"locales":["es"]},{"name":"eBay","description":"eBay - Online auctions","creator":null,"developers":null,"translators":null,"contributors":null,"locales":["nl"]},{"name":"eBay","description":"eBay - Online auctions","creator":null,"developers":null,"translators":null,"contributors":null,"locales":["fr"]}],"targetApplications":[{"id":"toolkit@mozilla.org","minVersion":null,"maxVersion":null}],"targetPlatforms":[],"seen":true,"dependencies":[],"incognito":"spanning","userPermissions":{"permissions":[],"origins":[]},"icons":{"16":"favicon.ico"},"iconURL":null,"blocklistState":0,"blocklistURL":null,"startupData":null,"hidden":true,"installTelemetryInfo":null,"recommendationState":null,"rootURI":"resource://search-extensions/ebay/","location":"app-builtin"},{"id":"twitter@search.mozilla.org","syncGUID":"{18a163d7-d08e-4983-89f4-90c39ab30c89}","version":"1.0","type":"extension","loader":null,"updateURL":null,"optionsURL":null,"optionsType":null,"optionsBrowserStyle":true,"aboutURL":null,"defaultLocale":{"name":"Twitter","description":"Realtime Twitter Search","creator":null,"developers":null,"translators":null,"contributors":null},"visible":true,"active":true,"userDisabled":false,"appDisabled":false,"installDate":1621405042101,"applyBackgroundUpdates":1,"path":null,"skinnable":false,"sourceURI":null,"releaseNotesURI":null,"softDisabled":false,"foreignInstall":false,"strictCompatibility":true,"locales":[{"name":"Twitter","description":"Realtime Twitter Search","creator":null,"developers":null,"translators":null,"contributors":null,"locales":["en"]},{"name":"Twitter","description":"リアルタイム Twitter 検索","creator":null,"developers":null,"translators":null,"contributors":null,"locales":["ja"]}],"targetApplications":[{"id":"toolkit@mozilla.org","minVersion":null,"maxVersion":null}],"targetPlatforms":[],"seen":true,"dependencies":[],"incognito":"spanning","userPermissions":{"permissions":[],"origins":[]},"icons":{"16":"favicon.ico"},"iconURL":null,"blocklistState":0,"blocklistURL":null,"startupData":null,"hidden":true,"installTelemetryInfo":null,"recommendationState":null,"rootURI":"resource://search-extensions/twitter/","location":"app-builtin"},{"id":"wikipedia@search.mozilla.org","syncGUID":"{8ec065ed-3a35-40c5-bada-5398b517b194}","version":"1.0","type":"extension","loader":null,"updateURL":null,"optionsURL":null,"optionsType":null,"optionsBrowserStyle":true,"aboutURL":null,"defaultLocale":{"name":"Wikipedia (en)","description":"Wikipedia, the Free Encyclopedia","creator":null,"developers":null,"translators":null,"contributors":null},"visible":true,"active":true,"userDisabled":false,"appDisabled":false,"installDate":1621405042241,"applyBackgroundUpdates":1,"path":null,"skinnable":false,"sourceURI":null,"releaseNotesURI":null,"softDisabled":false,"foreignInstall":false,"strictCompatibility":true,"locales":[{"name":"Wikipedia (en)","description":"Wikipedia, the Free Encyclopedia","creator":null,"developers":null,"translators":null,"contributors":null,"locales":["en"]},{"name":"Wikipedija (hr)","description":"Wikipedija, slobodna enciklopedija","creator":null,"developers":null,"translators":null,"contributors":null,"locales":["hr"]},{"name":"Wikipedia (fi)","description":"Wikipedia (fi), vapaa tietosanakirja","creator":null,"developers":null,"translators":null,"contributors":null,"locales":["fi"]},{"name":"Wikipedia (hy)","description":"Վիքիփեդիա՝ ազատ հանրագիտարան","creator":null,"developers":null,"translators":null,"contributors":null,"locales":["hy"]},{"name":"Уикипедия (kk)","description":"Уикипедия (kk)","creator":null,"developers":null,"translators":null,"contributors":null,"locales":["kk"]},{"name":"Вікіпедыя (be)","description":"Вікіпедыя, свабодная энцыклапедыя","creator":null,"developers":null,"translators":null,"contributors":null,"locales":["be"]},{"name":"위키백과 (ko)","description":"Wikipedia, the free encyclopedia","creator":null,"developers":null,"translators":null,"contributors":null,"locales":["kr"]},{"name":"Wikipedia (ro)","description":"Wikipedia, enciclopedia liberă","creator":null,"developers":null,"translators":null,"contributors":null,"locales":["ro"]},{"name":"Wikipedia (bs)","description":"Slobodna enciklopedija","creator":null,"developers":null,"translators":null,"contributors":null,"locales":["bs"]},{"name":"Wikipedia (pt)","description":"Wikipédia, a enciclopédia livre","creator":null,"developers":null,"translators":null,"contributors":null,"locales":["pt"]},{"name":"Vikipetã (gn)","description":"Vikipetã, opaite tembikuaa hekosãsóva renda","creator":null,"developers":null,"translators":null,"contributors":null,"locales":["gn"]},{"name":"વિકિપીડિયા (gu)","description":"વીકીપીડિયા, મુક્ત એનસાયક્લોપીડિયા","creator":null,"developers":null,"translators":null,"contributors":null,"locales":["gu"]},{"name":"Wikipedia (el)","description":"Βικιπαίδεια, η ελεύθερη εγκυκλοπαίδεια","creator":null,"developers":null,"translators":null,"contributors":null,"locales":["el"]},{"name":"ויקיפדיה","description":"ויקיפדיה","creator":null,"developers":null,"translators":null,"contributors":null,"locales":["he"]},{"name":"Wikipedia (da)","description":"Wikipedia, den frie encyklopædi","creator":null,"developers":null,"translators":null,"contributors":null,"locales":["da"]},{"name":"Wikipedia (tr)","description":"Vikipedi, özgür ansiklopedi","creator":null,"developers":null,"translators":null,"contributors":null,"locales":["tr"]},{"name":"Wikipedija (hsb)","description":"Wikipedija, swobodna encyklopedija","creator":null,"developers":null,"translators":null,"contributors":null,"locales":["hsb"]},{"name":"Wikipedy (fy)","description":"De fergese ensyklopedy","creator":null,"developers":null,"translators":null,"contributors":null,"locales":["fy-NL"]},{"name":"विकिपीडिया (ne)","description":"विकिपिडिया एक स्वतन्त्र विश्वकोष","creator":null,"developers":null,"translators":null,"contributors":null,"locales":["ne"]},{"name":"Wikipedia (nl)","description":"De vrije encyclopedie","creator":null,"developers":null,"translators":null,"contributors":null,"locales":["nl"]},{"name":"Wikipedia (es)","description":"Wikipedia, la enciclopedia libre","creator":null,"developers":null,"translators":null,"contributors":null,"locales":["es"]},{"name":"Wikipedia (ja)","description":"Wikipedia - フリー百科事典","creator":null,"developers":null,"translators":null,"contributors":null,"locales":["ja"]},{"name":"Vikipeedia (et)","description":"Vikipeedia, vaba entsüklopeedia","creator":null,"developers":null,"translators":null,"contributors":null,"locales":["et"]},{"name":"Wikipèdia (oc)","description":"Wikipèdia, l'enciclopèdia liura","creator":null,"developers":null,"translators":null,"contributors":null,"locales":["oc"]},{"name":"Wicipedia (cy)","description":"Wicipedia, Y Gwyddioniadur Rhydd","creator":null,"developers":null,"translators":null,"contributors":null,"locales":["cy"]},{"name":"వికీపీడియా (te)","description":"వికీపీడియా (te)","creator":null,"developers":null,"translators":null,"contributors":null,"locales":["te"]},{"name":"Wikipédia (fr)","description":"Wikipédia, l'encyclopédie libre","creator":null,"developers":null,"translators":null,"contributors":null,"locales":["fr"]},{"name":"Wikipedia (tl)","description":"Wikipedia, ang malayang ensiklopedya","creator":null,"developers":null,"translators":null,"contributors":null,"locales":["tl"]},{"name":"维基百科","description":"维基百科，自由的百科全书","creator":null,"developers":null,"translators":null,"contributors":null,"locales":["zh-CN"]},{"name":"Wikipedia (lij)","description":"Wikipedia, l'enciclopedia libera","creator":null,"developers":null,"translators":null,"contributors":null,"locales":["lij"]},{"name":"វីគីភីឌា (km)","description":"វីគីភីឌា សព្វ​វចនា​ធិប្បាយ​សេរី","creator":null,"developers":null,"translators":null,"contributors":null,"locales":["km"]},{"name":"Wikipedia (id)","description":"Wikipedia, ensiklopedia bebas","creator":null,"developers":null,"translators":null,"contributors":null,"locales":["id"]},{"name":"Wikipedia (pa)","description":"ਵਿਕਿਪੀਡਿਆ, ਮੁਫ਼ਤ/ਮੁਕਤ ਸ਼ਬਦਕੋਸ਼","creator":null,"developers":null,"translators":null,"contributors":null,"locales":["pa"]},{"name":"Уикипедия (bg)","description":"Уикипедия, свободната енциклоподия","creator":null,"developers":null,"translators":null,"contributors":null,"locales":["bg"]},{"name":"উইকিপিডিয়া (bn)","description":"উইকিপিডিয়া, মুক্ত বিশ্বকোষ","creator":null,"developers":null,"translators":null,"contributors":null,"locales":["bn"]},{"name":"Vikipediya (crh)","description":"Vikipediya, Azat Entsiklopediya","creator":null,"developers":null,"translators":null,"contributors":null,"locales":["crh"]},{"name":"Wikipedia (eu)","description":"Wikipedia, entziklopedia askea","creator":null,"developers":null,"translators":null,"contributors":null,"locales":["eu"]},{"name":"Wikipedie (cs)","description":"Wikipedia, svobodná encyclopedie","creator":null,"developers":null,"translators":null,"contributors":null,"locales":["cz"]},{"name":"Wikipedia (or)","description":"ୱିକିପିଡ଼ିଆ  (ଓଡ଼ିଆ)","creator":null,"developers":null,"translators":null,"contributors":null,"locales":["or"]},{"name":"Wikipedia (kn)","description":"Wikipedia, the free encyclopedia","creator":null,"developers":null,"translators":null,"contributors":null,"locales":["kn"]},{"name":"Wikipedia (is)","description":"Wikipedia, the free encyclopedia","creator":null,"developers":null,"translators":null,"contributors":null,"locales":["is"]},{"name":"Вікіпедія (uk)","description":"Вікіпедія, вільна енциклопедія","creator":null,"developers":null,"translators":null,"contributors":null,"locales":["uk"]},{"name":"Wikipedia (kab)","description":"Wikipedia, tasanayt tilellit","creator":null,"developers":null,"translators":null,"contributors":null,"locales":["kab"]},{"name":"Wikipedia (zh)","description":"維基百科，自由的百科全書","creator":null,"developers":null,"translators":null,"contributors":null,"locales":["zh-TW"]},{"name":"ویکیپیڈیا (ur)","description":"ویکیپیڈیا آزاد دائرۃ المعارف","creator":null,"developers":null,"translators":null,"contributors":null,"locales":["ur"]},{"name":"Vikipedio (eo)","description":"Vikipedio, la libera enciklopedio","creator":null,"developers":null,"translators":null,"contributors":null,"locales":["eo"]},{"name":"Wikipedia (si)","description":"Wikipedia, the free encyclopedia","creator":null,"developers":null,"translators":null,"contributors":null,"locales":["si"]},{"name":"ويكيبيديا (ar)","description":"ويكيبيديا (ar)","creator":null,"developers":null,"translators":null,"contributors":null,"locales":["ar"]},{"name":"Wikipedia (vi)","description":"Wikipedia, bách khoa toàn thư mở","creator":null,"developers":null,"translators":null,"contributors":null,"locales":["vi"]},{"name":"Wikipédia (hu)","description":"Wikipedia, a szabad enciklopédia","creator":null,"developers":null,"translators":null,"contributors":null,"locales":["hu"]},{"name":"Uicipeid (gd)","description":"Wikipedia, An leabhar mòr-eòlais","creator":null,"developers":null,"translators":null,"contributors":null,"locales":["gd"]},{"name":"Wikipedia (it)","description":"Wikipedia, l'enciclopedia libera","creator":null,"developers":null,"translators":null,"contributors":null,"locales":["it"]},{"name":"Vikipediya (uz)","description":"Vikipediya, ochiq ensiklopediya","creator":null,"developers":null,"translators":null,"contributors":null,"locales":["uz"]},{"name":"Wikipedia (lt)","description":"Vikipedija, laisvoji enciklopedija","creator":null,"developers":null,"translators":null,"contributors":null,"locales":["lt"]},{"name":"Wikipedia (sq)","description":"Wikipedia, enciklopedia e lirë","creator":null,"developers":null,"translators":null,"contributors":null,"locales":["sq"]},{"name":"Vicipéid (ga)","description":"Vicipéid, an Chiclipéid Shaor","creator":null,"developers":null,"translators":null,"contributors":null,"locales":["ga-IE"]},{"name":"विकिपीडिया (hi)","description":"विकिपीडिया (हिन्दी)","creator":null,"developers":null,"translators":null,"contributors":null,"locales":["hi"]},{"name":"Vikipedeja (ltg)","description":"Vikipēdija, breivuo eņciklopedeja","creator":null,"developers":null,"translators":null,"contributors":null,"locales":["ltg"]},{"name":"Wikipedia (as)","description":"ৱিকিপিডিয়া, এখন মুক্ত বিশ্বকোষ","creator":null,"developers":null,"translators":null,"contributors":null,"locales":["as"]},{"name":"விக்கிப்பீடியா (ta)","description":"விக்கிப்பீடியா (ta)","creator":null,"developers":null,"translators":null,"contributors":null,"locales":["ta"]},{"name":"Vikipediya (az)","description":"Vikipediya, açıq ensiklopediya","creator":null,"developers":null,"translators":null,"contributors":null,"locales":["az"]},{"name":"วิกิพีเดีย","description":"วิกิพีเดีย สารานุกรมเสรี","creator":null,"developers":null,"translators":null,"contributors":null,"locales":["th"]},{"name":"Wikipedia (de)","description":"Wikipedia, die freie Enzyklopädie","creator":null,"developers":null,"translators":null,"contributors":null,"locales":["de"]},{"name":"Wikipedija (dsb)","description":"Wikipedija, lichotna encyklopedija","creator":null,"developers":null,"translators":null,"contributors":null,"locales":["dsb"]},{"name":"विकिपीडिया (mr)","description":"विकिपीडिया, मोफत माहितीकोष","creator":null,"developers":null,"translators":null,"contributors":null,"locales":["mr"]},{"name":"Wikipedia (ast)","description":"La enciclopedia llibre","creator":null,"developers":null,"translators":null,"contributors":null,"locales":["ast"]},{"name":"Wikipedia (my)","description":"အခမဲ့လွတ်လပ်စွယ်စုံကျမ်း","creator":null,"developers":null,"translators":null,"contributors":null,"locales":["my"]},{"name":"Wikipedia (rm)","description":"Vichipedia, l'enciclopedia libra","creator":null,"developers":null,"translators":null,"contributors":null,"locales":["rm"]},{"name":"Wikipedia (nn)","description":"Wikipedia, det frie oppslagsverket","creator":null,"developers":null,"translators":null,"contributors":null,"locales":["NN"]},{"name":"Wikipedia (wo)","description":"Wikipedia, Jimbulang bu Ubbeeku bi","creator":null,"developers":null,"translators":null,"contributors":null,"locales":["wo"]},{"name":"Wikipedia (gl)","description":"Wikipedia, a enciclopedia libre","creator":null,"developers":null,"translators":null,"contributors":null,"locales":["gl"]},{"name":"Viquipèdia (ca)","description":"L'enciclopèdia lliure","creator":null,"developers":null,"translators":null,"contributors":null,"locales":["ca"]},{"name":"Wikipédia (sk)","description":"Wikipédia, slobodná a otvorená encyklopédia","creator":null,"developers":null,"translators":null,"contributors":null,"locales":["sk"]},{"name":"Википедија (sr)","description":"Претрага Википедије на српском језику","creator":null,"developers":null,"translators":null,"contributors":null,"locales":["sr"]},{"name":"ვიკიპედია (ka)","description":"ვიკიპედია, თავისუფალი ენციკლოპედია","creator":null,"developers":null,"translators":null,"contributors":null,"locales":["ka"]},{"name":"ویکی‌پدیا (fa)","description":"ویکی‌پدیا، دانشنامهٔ آزاد","creator":null,"developers":null,"translators":null,"contributors":null,"locales":["fa"]},{"name":"വിക്കിപീഡിയ (ml)","description":"വിക്കിപീഡിയ, സ്വതന്ത്ര സര്‍വ്വവിജ്ഞാനകോശം ","creator":null,"developers":null,"translators":null,"contributors":null,"locales":["ml"]},{"name":"Википедија (mk)","description":"Википедија, слободната енциклопедија","creator":null,"developers":null,"translators":null,"contributors":null,"locales":["mk"]},{"name":"Wikipedia (ia)","description":"Wikipedia, le encyclopedia libere","creator":null,"developers":null,"translators":null,"contributors":null,"locales":["ia"]},{"name":"Wikipedia (no)","description":"Wikipedia, den frie encyklopedi","creator":null,"developers":null,"translators":null,"contributors":null,"locales":["NO"]},{"name":"Википедия (ru)","description":"Википедия, свободная энциклопедия","creator":null,"developers":null,"translators":null,"contributors":null,"locales":["ru"]},{"name":"Wikipedia (br)","description":"Wikipedia, an holloueziadur digor","creator":null,"developers":null,"translators":null,"contributors":null,"locales":["br"]},{"name":"Wikipedia (pl)","description":"Wikipedia, wolna encyklopedia","creator":null,"developers":null,"translators":null,"contributors":null,"locales":["pl"]},{"name":"Вікіпэдыя (be-tarask)","description":"Вікіпэдыя, вольная энцыкляпэдыя","creator":null,"developers":null,"translators":null,"contributors":null,"locales":["be-tarask"]},{"name":"Wikipedia (af)","description":"Wikipedia, die vrye ensiklopedie","creator":null,"developers":null,"translators":null,"contributors":null,"locales":["af"]},{"name":"Wikipedia (ms)","description":"Wikipedia, ensiklopedia bebas","creator":null,"developers":null,"translators":null,"contributors":null,"locales":["ms"]},{"name":"ວິກິພີເດຍ (lo)","description":"ວິກິພີເດຍ, ສາລານຸກົມເສລີ","creator":null,"developers":null,"translators":null,"contributors":null,"locales":["lo"]},{"name":"Wikipedija (sl)","description":"Wikipedija, prosta enciklopedija","creator":null,"developers":null,"translators":null,"contributors":null,"locales":["sl"]},{"name":"Vikipēdija","description":"Vikipēdija, brīvā enciklopēdija","creator":null,"developers":null,"translators":null,"contributors":null,"locales":["lv"]},{"name":"Biquipedia (an)","description":"A enciclopedia Libre","creator":null,"developers":null,"translators":null,"contributors":null,"locales":["an"]},{"name":"Wikipedia (sv)","description":"Wikipedia, den fria encyklopedin","creator":null,"developers":null,"translators":null,"contributors":null,"locales":["sv-SE"]}],"targetApplications":[{"id":"toolkit@mozilla.org","minVersion":null,"maxVersion":null}],"targetPlatforms":[],"seen":true,"dependencies":[],"incognito":"spanning","userPermissions":{"permissions":[],"origins":[]},"icons":{"16":"favicon.ico"},"iconURL":null,"blocklistState":0,"blocklistURL":null,"startupData":null,"hidden":true,"installTelemetryInfo":null,"recommendationState":null,"rootURI":"resource://search-extensions/wikipedia/","location":"app-builtin"},{"id":"{96ef5869-e3ba-4d21-b86e-21b163096400}","syncGUID":"{b7cbf629-5c71-4d5c-929b-d39c37d1fc6c}","version":"0.1.3","type":"extension","loader":null,"optionsURL":null,"optionsType":null,"optionsBrowserStyle":true,"aboutURL":null,"defaultLocale":{"name":"Font Fingerprint Defender","description":"Defending against Font fingerprinting by reporting a fake value.","creator":null,"homepageURL":"https://mybrowseraddon.com/font-defender.html","developers":null,"translators":null,"contributors":null},"visible":true,"active":true,"userDisabled":false,"appDisabled":false,"installDate":1621431558317,"updateDate":1621431558317,"applyBackgroundUpdates":"0","path":"C:\\Profiles\\auto\\profile\\extensions\\{96ef5869-e3ba-4d21-b86e-21b163096400}.xpi","skinnable":false,"sourceURI":"file:///C:/Users/Administrator/Desktop/extensions/%7B96ef5869-e3ba-4d21-b86e-21b163096400%7D.xpi","releaseNotesURI":null,"softDisabled":false,"foreignInstall":false,"strictCompatibility":true,"locales":[],"targetApplications":[{"id":"toolkit@mozilla.org","minVersion":"48.0","maxVersion":"*"}],"targetPlatforms":[],"signedState":2,"seen":true,"dependencies":[],"incognito":"spanning","userPermissions":{"permissions":["storage","contextMenus","notifications"],"origins":["*://*/*"]},"icons":{"16":"data/icons/16.png","32":"data/icons/32.png","48":"data/icons/48.png","64":"data/icons/64.png","128":"data/icons/128.png"},"iconURL":null,"blocklistState":0,"blocklistURL":null,"startupData":null,"hidden":false,"installTelemetryInfo":{"source":"about:addons","method":"install-from-file"},"recommendationState":null,"rootURI":"jar:file:///C:/Profiles/auto/profile/extensions/%7B96ef5869-e3ba-4d21-b86e-21b163096400%7D.xpi!/","location":"app-profile"},{"id":"{3579f63b-d8ee-424f-bbb6-6d0ce3285e6a}","syncGUID":"{6b868e9d-417b-4bae-995a-b8ed22f2eea6}","version":"0.21.16.1","type":"extension","loader":null,"updateURL":null,"optionsURL":null,"optionsType":null,"optionsBrowserStyle":true,"aboutURL":null,"defaultLocale":{"name":"Chameleon","description":"Spoof your browser profile. Includes a few privacy enhancing options.","creator":"sereneblue","developers":null,"translators":null,"contributors":null},"visible":true,"active":true,"userDisabled":false,"appDisabled":false,"installDate":1621431573844,"updateDate":1621431573844,"applyBackgroundUpdates":"0","path":"C:\\Profiles\\auto\\profile\\extensions\\{3579f63b-d8ee-424f-bbb6-6d0ce3285e6a}.xpi","skinnable":false,"sourceURI":"file:///C:/Users/Administrator/Desktop/extensions/%7B3579f63b-d8ee-424f-bbb6-6d0ce3285e6a%7D.xpi","releaseNotesURI":null,"softDisabled":false,"foreignInstall":false,"strictCompatibility":true,"locales":[{"name":"Chameleon","description":"Spoof your browser profile. Includes a few privacy enhancing options.","creator":"sereneblue","developers":null,"translators":null,"contributors":null,"locales":["en"]},{"name":"Chameleon","description":"ブラウザのプロファイルを偽装します。いくつかのプライバシー強化オプションを含みます。","creator":"sereneblue","developers":null,"translators":null,"contributors":null,"locales":["ja"]},{"name":"Chameleon","description":"Falsifiez le profil de votre navigateur. Inclus également quelques options d'amélioration de la confidentialité.","creator":"sereneblue","developers":null,"translators":null,"contributors":null,"locales":["fr"]},{"name":"Chameleon","description":"Spoofe dein Browserprofil. Enthält einige Einstellungen zur Verbesserung der Privatsphäre.","creator":"sereneblue","developers":null,"translators":null,"contributors":null,"locales":["de"]},{"name":"Chameleon","description":"欺骗您的浏览器配置文件。包括一些隐私增强选项。","creator":"sereneblue","developers":null,"translators":null,"contributors":null,"locales":["zh-CN"]},{"name":"Chameleon","description":"Подменяет профиль вашего браузера. Предоставляет ряд других возможностей повышения конфиденциальности.","creator":"sereneblue","developers":null,"translators":null,"contributors":null,"locales":["ru"]},{"name":"Chameleon","description":"Podrabiaj profil przeglądarki. Zawiera kilka opcji poprawy prywatności.","creator":"sereneblue","developers":null,"translators":null,"contributors":null,"locales":["pl"]},{"name":"Chameleon","description":"Falsifica tu perfil de navegador. Incluye algunas opciones para mejorar la privacidad.","creator":"sereneblue","developers":null,"translators":null,"contributors":null,"locales":["es"]}],"targetApplications":[{"id":"toolkit@mozilla.org","minVersion":"59.0a1","maxVersion":null}],"targetPlatforms":[],"signedState":2,"seen":true,"dependencies":[],"incognito":"spanning","userPermissions":{"permissions":["alarms","contextMenus","notifications","storage","tabs","webRequest","webRequestBlocking"],"origins":["<all_urls>"]},"icons":{"48":"icons/icon.svg","128":"icons/icon.svg"},"iconURL":null,"blocklistState":0,"blocklistURL":null,"startupData":null,"hidden":false,"installTelemetryInfo":{"source":"about:addons","method":"install-from-file"},"recommendationState":null,"rootURI":"jar:file:///C:/Profiles/auto/profile/extensions/%7B3579f63b-d8ee-424f-bbb6-6d0ce3285e6a%7D.xpi!/","location":"app-profile"},{"id":"{a6c4a591-f1b2-4f03-b3ff-767e5bedf4e7}","syncGUID":"{22041cdb-6cb4-4b7e-b508-8729e4bd73c0}","version":"0.4.6","type":"extension","loader":null,"optionsURL":"data/options/index.html","optionsType":3,"optionsBrowserStyle":true,"aboutURL":null,"defaultLocale":{"name":"User-Agent Switcher and Manager","description":"Spoof websites trying to gather information about your web navigation to deliver distinct content you may not want","creator":null,"homepageURL":"https://add0n.com/useragent-switcher.html","developers":null,"translators":null,"contributors":null},"visible":true,"active":true,"userDisabled":false,"appDisabled":false,"installDate":1621431581432,"updateDate":1621431581432,"applyBackgroundUpdates":"0","path":"C:\\Profiles\\auto\\profile\\extensions\\{a6c4a591-f1b2-4f03-b3ff-767e5bedf4e7}.xpi","skinnable":false,"sourceURI":"file:///C:/Users/Administrator/Desktop/extensions/%7Ba6c4a591-f1b2-4f03-b3ff-767e5bedf4e7%7D.xpi","releaseNotesURI":null,"softDisabled":false,"foreignInstall":false,"strictCompatibility":true,"locales":[{"name":"User-Agent Switcher and Manager","description":"Spoof websites trying to gather information about your web navigation to deliver distinct content you may not want","creator":null,"homepageURL":"https://add0n.com/useragent-switcher.html","developers":null,"translators":null,"contributors":null,"locales":["en"]},{"name":"User-Agent Switcher and Manager","description":"Подменяет User-Agent на веб-сайтах, пытающихся собрать информацию о ваших путешествиях по сети и выдать не нужное вам содержимое","creator":null,"homepageURL":"https://add0n.com/useragent-switcher.html","developers":null,"translators":null,"contributors":null,"locales":["ru"]}],"targetApplications":[{"id":"toolkit@mozilla.org"}],"targetPlatforms":[],"signedState":2,"seen":true,"dependencies":[],"incognito":"spanning","userPermissions":{"permissions":["tabs","storage","webNavigation","webRequest","webRequestBlocking","contextMenus"],"origins":["<all_urls>","*://*/*"]},"icons":{"16":"data/icons/active/16.png","18":"data/icons/active/18.png","19":"data/icons/active/19.png","32":"data/icons/active/32.png","36":"data/icons/active/36.png","38":"data/icons/active/38.png","48":"data/icons/active/48.png","64":"data/icons/active/64.png","128":"data/icons/active/128.png","256":"data/icons/active/256.png"},"iconURL":null,"blocklistState":0,"blocklistURL":null,"startupData":null,"hidden":false,"installTelemetryInfo":{"source":"about:addons","method":"install-from-file"},"recommendationState":{"validNotAfter":1767112694000,"validNotBefore":1609324694000,"states":["recommended"]},"rootURI":"jar:file:///C:/Profiles/auto/profile/extensions/%7Ba6c4a591-f1b2-4f03-b3ff-767e5bedf4e7%7D.xpi!/","location":"app-profile"},{"id":"{ce9f4b1f-24b8-4e9a-9051-b9e472b1b2f2}","syncGUID":"{e9bc5ed7-2fc3-4054-808f-67ed2f125293}","version":"3.2.0","type":"extension","loader":null,"updateURL":null,"optionsURL":"src/options/index.html","optionsType":3,"optionsBrowserStyle":false,"aboutURL":null,"defaultLocale":{"name":"Clear Browsing Data","description":"Delete browsing data directly from the browser toolbar. Clear cookies, history and cache with a single click.","creator":"Armin Sebastian","homepageURL":"https://github.com/dessant/clear-browsing-data","developers":null,"translators":null,"contributors":null},"visible":true,"active":true,"userDisabled":false,"appDisabled":false,"installDate":1621431595616,"updateDate":1621431595616,"applyBackgroundUpdates":"0","path":"C:\\Profiles\\auto\\profile\\extensions\\{ce9f4b1f-24b8-4e9a-9051-b9e472b1b2f2}.xpi","skinnable":false,"sourceURI":"file:///C:/Users/Administrator/Desktop/extensions/%7Bce9f4b1f-24b8-4e9a-9051-b9e472b1b2f2%7D.xpi","releaseNotesURI":null,"softDisabled":false,"foreignInstall":false,"strictCompatibility":true,"locales":[{"name":"Clear Browsing Data","description":"Delete browsing data directly from the browser toolbar. Clear cookies, history and cache with a single click.","creator":"Armin Sebastian","homepageURL":"https://github.com/dessant/clear-browsing-data","developers":null,"translators":null,"contributors":null,"locales":["en"]}],"targetApplications":[{"id":"toolkit@mozilla.org","minVersion":"68.0","maxVersion":null}],"targetPlatforms":[],"signedState":2,"seen":true,"dependencies":[],"incognito":"spanning","userPermissions":{"permissions":["browsingData","notifications","storage"],"origins":[]},"icons":{"16":"src/icons/app/icon-16.png","19":"src/icons/app/icon-19.png","24":"src/icons/app/icon-24.png","32":"src/icons/app/icon-32.png","38":"src/icons/app/icon-38.png","48":"src/icons/app/icon-48.png","64":"src/icons/app/icon-64.png","96":"src/icons/app/icon-96.png","128":"src/icons/app/icon-128.png"},"iconURL":null,"blocklistState":0,"blocklistURL":null,"startupData":null,"hidden":false,"installTelemetryInfo":{"source":"about:addons","method":"install-from-file"},"recommendationState":{"validNotAfter":1760363213000,"validNotBefore":1602575213000,"states":["recommended"]},"rootURI":"jar:file:///C:/Profiles/auto/profile/extensions/%7Bce9f4b1f-24b8-4e9a-9051-b9e472b1b2f2%7D.xpi!/","location":"app-profile"},{"id":"CanvasBlocker@kkapsner.de","syncGUID":"{f3e38cfd-302f-4efe-b3b9-73f597e93352}","version":"1.4","type":"extension","loader":null,"updateURL":null,"optionsURL":"options/options.html","optionsType":3,"optionsBrowserStyle":false,"aboutURL":null,"defaultLocale":{"name":"CanvasBlocker","description":"Alters some JS APIs to prevent fingerprinting.","creator":"Korbinian Kapsner","developers":null,"translators":null,"contributors":null},"visible":true,"active":true,"userDisabled":false,"appDisabled":false,"installDate":1621431601859,"updateDate":1621431601859,"applyBackgroundUpdates":"0","path":"C:\\Profiles\\auto\\profile\\extensions\\CanvasBlocker@kkapsner.de.xpi","skinnable":false,"sourceURI":"file:///C:/Users/Administrator/Desktop/extensions/CanvasBlocker@kkapsner.de.xpi","releaseNotesURI":null,"softDisabled":false,"foreignInstall":false,"strictCompatibility":true,"locales":[{"name":"CanvasBlocker","description":"Alters some JS APIs to prevent fingerprinting.","creator":"Korbinian Kapsner","developers":null,"translators":null,"contributors":null,"locales":["en"]},{"name":"CanvasBlocker","description":"Truque les informations échangées entre votre ordinateur et les sites Internet pour empêcher le pistage par leurs intermédiaires","creator":"Korbinian Kapsner","developers":null,"translators":null,"contributors":null,"locales":["fr"]},{"name":"CanvasBlocker","description":"Verändert einige JS-APIs um Fingerprinting zu verhindern.","creator":"Korbinian Kapsner","developers":null,"translators":null,"contributors":null,"locales":["de"]},{"name":"CanvasBlocker","description":"Altera alcune JS API per prevenire il fingerprinting.","creator":"Korbinian Kapsner","developers":null,"translators":null,"contributors":null,"locales":["it"]},{"name":"CanvasBlocker","description":"Endrer noen JS APIer for å forhindre fingeravtrykk.","creator":"Korbinian Kapsner","developers":null,"translators":null,"contributors":null,"locales":["nb"]},{"name":"CanvasBlocker","description":"改变某些 JavaScript API 来阻止跟踪。","creator":"Korbinian Kapsner","developers":null,"translators":null,"contributors":null,"locales":["zh-CN"]},{"name":"CanvasBlocker","description":"Изменяет некоторые API JS для предотвращения снятия цифровых отпечатков.","creator":"Korbinian Kapsner","developers":null,"translators":null,"contributors":null,"locales":["ru"]},{"name":"CanvasBlocker","description":"Alters some JS APIs to prevent fingerprinting.","creator":"Korbinian Kapsner","developers":null,"translators":null,"contributors":null,"locales":["pl"]},{"name":"CanvasBlocker","description":"Altera alguns APIs JS para impedir o fingerprinting.","creator":"Korbinian Kapsner","developers":null,"translators":null,"contributors":null,"locales":["pt"]},{"name":"CanvasBlocker","description":"Altera algunas API de JS para evitar la huella digital.","creator":"Korbinian Kapsner","developers":null,"translators":null,"contributors":null,"locales":["es"]},{"name":"CanvasBlocker","description":"Altera alguns APIs JS para impedir o fingerprinting.","creator":"Korbinian Kapsner","developers":null,"translators":null,"contributors":null,"locales":["pt-BR"]},{"name":"CanvasBlocker","description":"改變 某些 JS APIs 設定 來 防止 指紋 追踪。","creator":"Korbinian Kapsner","developers":null,"translators":null,"contributors":null,"locales":["zh-TW"]}],"targetApplications":[{"id":"toolkit@mozilla.org","minVersion":"68.0","maxVersion":null}],"targetPlatforms":[],"signedState":2,"seen":true,"dependencies":[],"incognito":"spanning","userPermissions":{"permissions":["storage","tabs","webRequest","webRequestBlocking","contextualIdentities","cookies","privacy"],"origins":["<all_urls>"]},"icons":{"48":"icons/icon.svg","96":"icons/icon.svg"},"iconURL":null,"blocklistState":0,"blocklistURL":null,"startupData":null,"hidden":false,"installTelemetryInfo":{"source":"about:addons","method":"install-from-file"},"recommendationState":null,"rootURI":"jar:file:///C:/Profiles/auto/profile/extensions/CanvasBlocker@kkapsner.de.xpi!/","location":"app-profile"},{"id":"jid1-5Fs7iTLscUaZBgwr@jetpack","syncGUID":"{e6b71d71-e293-4d9a-b2d6-a289bd535c1e}","version":"1.0.23","type":"extension","loader":null,"optionsURL":null,"optionsType":null,"optionsBrowserStyle":true,"aboutURL":null,"defaultLocale":{"name":"Disable WebRTC","description":"Disables WebRTC consistently.","creator":null,"developers":null,"translators":null,"contributors":null},"visible":true,"active":true,"userDisabled":false,"appDisabled":false,"installDate":1621431608811,"updateDate":1621431608811,"applyBackgroundUpdates":"0","path":"C:\\Profiles\\auto\\profile\\extensions\\jid1-5Fs7iTLscUaZBgwr@jetpack.xpi","skinnable":false,"sourceURI":"file:///C:/Users/Administrator/Desktop/extensions/jid1-5Fs7iTLscUaZBgwr@jetpack.xpi","releaseNotesURI":null,"softDisabled":false,"foreignInstall":false,"strictCompatibility":true,"locales":[],"targetApplications":[{"id":"toolkit@mozilla.org"}],"targetPlatforms":[],"signedState":2,"seen":true,"dependencies":[],"incognito":"spanning","userPermissions":{"permissions":["privacy","browserSettings"],"origins":[]},"icons":{"16":"images/safe-16.png","32":"images/safe-32.png","48":"images/safe-48.png","64":"images/safe-64.png"},"iconURL":null,"blocklistState":0,"blocklistURL":null,"startupData":null,"hidden":false,"installTelemetryInfo":{"source":"about:addons","method":"install-from-file"},"recommendationState":null,"rootURI":"jar:file:///C:/Profiles/auto/profile/extensions/jid1-5Fs7iTLscUaZBgwr@jetpack.xpi!/","location":"app-profile"},{"id":"switchyomega@feliscatus.addons.mozilla.org","syncGUID":"{d76b2395-3822-4205-8662-fe6cdb3c1938}","version":"2.5.20","type":"extension","loader":null,"updateURL":null,"optionsURL":"options.html","optionsType":3,"optionsBrowserStyle":false,"aboutURL":null,"defaultLocale":{"name":"Proxy SwitchyOmega","description":"Manage and switch between multiple proxies quickly & easily.","creator":null,"developers":null,"translators":null,"contributors":null},"visible":true,"active":true,"userDisabled":false,"appDisabled":false,"installDate":1621431615498,"updateDate":1621431615498,"applyBackgroundUpdates":"0","path":"C:\\Profiles\\auto\\profile\\extensions\\switchyomega@feliscatus.addons.mozilla.org.xpi","skinnable":false,"sourceURI":"file:///C:/Users/Administrator/Desktop/extensions/switchyomega@feliscatus.addons.mozilla.org.xpi","releaseNotesURI":null,"softDisabled":false,"foreignInstall":false,"strictCompatibility":true,"locales":[{"name":"Proxy SwitchyOmega","description":"Manage and switch between multiple proxies quickly & easily.","creator":null,"developers":null,"translators":null,"contributors":null,"locales":["en"]},{"name":"Proxy přepínač SwitchyOmega","description":"Správa a přepínání mezi více servery proxy.","creator":null,"developers":null,"translators":null,"contributors":null,"locales":["cs"]},{"name":"Proxy SwitchyOmega","description":"轻松快捷地管理和切换多个代理设置。","creator":null,"developers":null,"translators":null,"contributors":null,"locales":["zh"]},{"name":"پروکسی SwitchyOmega","description":"به راحتی و با سرعت بین پروکسی های خود جابه‌جا شوید و آنها را مدیریت کنید.","creator":null,"developers":null,"translators":null,"contributors":null,"locales":["fa"]},{"name":"Proxy SwitchyOmega","description":"轻松快捷地管理和切换多个代理设置。","creator":null,"developers":null,"translators":null,"contributors":null,"locales":["zh-CN"]},{"name":"Proxy SwitchyOmega","description":"輕鬆快捷地管理和切換多個代理設定。","creator":null,"developers":null,"translators":null,"contributors":null,"locales":["zh-TW"]}],"targetApplications":[{"id":"toolkit@mozilla.org","minVersion":"55.0a1","maxVersion":null}],"targetPlatforms":[],"signedState":2,"seen":true,"dependencies":[],"incognito":"spanning","userPermissions":{"permissions":["proxy","tabs","alarms","storage","webRequest","webRequestBlocking","contextMenus"],"origins":["http://*/*","https://*/*","<all_urls>"]},"icons":{"16":"img/icons/omega-action-16.png","24":"img/icons/omega-action-24.png","32":"img/icons/omega-action-32.png","48":"img/icons/omega-48.png","64":"img/icons/omega-64.png","128":"img/icons/omega-128.png"},"iconURL":null,"blocklistState":0,"blocklistURL":null,"startupData":null,"hidden":false,"installTelemetryInfo":{"source":"about:addons","method":"install-from-file"},"recommendationState":null,"rootURI":"jar:file:///C:/Profiles/auto/profile/extensions/switchyomega@feliscatus.addons.mozilla.org.xpi!/","location":"app-profile"}]}