{"version":2,"commands":{},"url_overrides":{},"prefs":{"privacy.containers":{"initialValue":{},"precedenceList":[{"id":"CanvasBlocker@kkapsner.de","installDate":1621431601859,"value":"CanvasBlocker@kkapsner.de","enabled":true}]},"network.peerConnectionEnabled":{"initialValue":{},"precedenceList":[{"id":"jid1-5Fs7iTLscUaZBgwr@jetpack","installDate":1621431608811,"value":false,"enabled":true}]},"network.webRTCIPHandlingPolicy":{"initialValue":{},"precedenceList":[{"id":"jid1-5Fs7iTLscUaZBgwr@jetpack","installDate":1621431608811,"value":"disable_non_proxied_udp","enabled":true}]}},"homepageNotification":{},"tabHideNotification":{},"default_search":{},"newTabNotification":{}}