{"doh-rollout@mozilla.org":{"permissions":["internal:privateBrowsingAllowed"],"origins":[]},"formautofill@mozilla.org":{"permissions":["internal:privateBrowsingAllowed"],"origins":[]},"screenshots@mozilla.org":{"permissions":["internal:privateBrowsingAllowed"],"origins":[]},"webcompat@mozilla.org":{"permissions":["internal:privateBrowsingAllowed"],"origins":[]},"default-theme@mozilla.org":{"permissions":["internal:privateBrowsingAllowed"],"origins":[]},"google@search.mozilla.org":{"permissions":["internal:privateBrowsingAllowed"],"origins":[]},"amazondotcom@search.mozilla.org":{"permissions":["internal:privateBrowsingAllowed"],"origins":[]},"bing@search.mozilla.org":{"permissions":["internal:privateBrowsingAllowed"],"origins":[]},"ddg@search.mozilla.org":{"permissions":["internal:privateBrowsingAllowed"],"origins":[]},"ebay@search.mozilla.org":{"permissions":["internal:privateBrowsingAllowed"],"origins":[]},"twitter@search.mozilla.org":{"permissions":["internal:privateBrowsingAllowed"],"origins":[]},"wikipedia@search.mozilla.org":{"permissions":["internal:privateBrowsingAllowed"],"origins":[]},"CanvasBlocker@kkapsner.de":{"permissions":["internal:privateBrowsingAllowed"],"origins":[]},"{3579f63b-d8ee-424f-bbb6-6d0ce3285e6a}":{"permissions":["internal:privateBrowsingAllowed"],"origins":[]},"{ce9f4b1f-24b8-4e9a-9051-b9e472b1b2f2}":{"permissions":["internal:privateBrowsingAllowed"],"origins":[]},"jid1-5Fs7iTLscUaZBgwr@jetpack":{"permissions":["internal:privateBrowsingAllowed"],"origins":[]},"{96ef5869-e3ba-4d21-b86e-21b163096400}":{"permissions":["internal:privateBrowsingAllowed"],"origins":[]},"switchyomega@feliscatus.addons.mozilla.org":{"permissions":["internal:privateBrowsingAllowed"],"origins":[]},"{a6c4a591-f1b2-4f03-b3ff-767e5bedf4e7}":{"permissions":["internal:privateBrowsingAllowed"],"origins":[]}}